Strategy_Logic,Fast_EMA,Slow_EMA,Total_Return_Pct,CAGR_Pct,Alpha_Pct,Max_Drawdown_Pct,Sharpe_Ratio,Sortino_Ratio,Calmar_Ratio,Win_Rate_Pct,Profit_Factor,Total_Trades,Avg_Holding_Hours,Avg_Trade_Pct,Best_Trade_Pct,Worst_Trade_Pct,Exposure_Pct,Pos_Months,Neg_Months,Jan_2026,Feb_2026,Mar_2026,Apr_2026,May_2026,Jun_2026,Jul_2026,Aug_2026
EMA_CROSSOVER_LONG_ONLY,5,15,41.45,72.03,60.13,22.27,1.57,1.69,3.23,30.1,1.38,196,14.3,0.21,27.33,-5.93,50.14,6,2,6.29,8.82,7.45,9.35,-7.79,-10.93,7.96,17.39
EMA_CROSSOVER_LONG_ONLY,209,223,38.05,65.6,56.73,16.89,1.58,1.63,3.88,62.5,7.72,8,348.5,4.51,27.9,-4.67,49.79,5,1,0.16,0.0,0.3,5.61,-4.67,0.0,5.98,28.8
EMA_CROSSOVER_LONG_ONLY,208,224,38.05,65.6,56.73,16.89,1.58,1.63,3.88,62.5,7.72,8,348.5,4.51,27.9,-4.67,49.79,5,1,0.16,0.0,0.3,5.61,-4.67,0.0,5.98,28.8
EMA_CROSSOVER_LONG_ONLY,198,234,37.82,65.17,56.5,16.89,1.57,1.63,3.86,62.5,7.68,8,348.0,4.48,27.9,-4.67,49.71,5,1,0.16,0.0,0.3,5.61,-4.67,0.0,5.98,28.59
EMA_CROSSOVER_LONG_ONLY,199,233,37.82,65.17,56.5,16.89,1.57,1.63,3.86,62.5,7.68,8,348.0,4.48,27.9,-4.67,49.71,5,1,0.16,0.0,0.3,5.61,-4.67,0.0,5.98,28.59
EMA_CROSSOVER_LONG_ONLY,200,231,37.35,64.3,56.03,16.89,1.56,1.61,3.81,62.5,7.61,8,347.8,4.44,27.9,-4.67,49.68,5,1,0.16,0.0,0.3,5.61,-4.67,0.0,5.98,28.15
EMA_CROSSOVER_LONG_ONLY,199,232,37.35,64.3,56.03,16.89,1.56,1.61,3.81,62.5,7.61,8,347.8,4.44,27.9,-4.67,49.68,5,1,0.16,0.0,0.3,5.61,-4.67,0.0,5.98,28.15
EMA_CROSSOVER_LONG_ONLY,210,221,37.35,64.3,56.03,16.89,1.56,1.61,3.81,62.5,7.61,8,347.8,4.44,27.9,-4.67,49.68,5,1,0.16,0.0,0.3,5.61,-4.67,0.0,5.98,28.15
EMA_CROSSOVER_LONG_ONLY,201,230,37.35,64.3,56.03,16.89,1.56,1.61,3.81,62.5,7.61,8,347.8,4.44,27.9,-4.67,49.68,5,1,0.16,0.0,0.3,5.61,-4.67,0.0,5.98,28.15
EMA_CROSSOVER_LONG_ONLY,209,222,37.35,64.3,56.03,16.89,1.56,1.61,3.81,62.5,7.61,8,347.8,4.44,27.9,-4.67,49.68,5,1,0.16,0.0,0.3,5.61,-4.67,0.0,5.98,28.15
EMA_CROSSOVER_LONG_ONLY,205,226,37.35,64.3,56.03,16.89,1.56,1.61,3.81,62.5,7.61,8,347.8,4.44,27.9,-4.67,49.68,5,1,0.16,0.0,0.3,5.61,-4.67,0.0,5.98,28.15
EMA_CROSSOVER_LONG_ONLY,204,227,37.35,64.3,56.03,16.89,1.56,1.61,3.81,62.5,7.61,8,347.8,4.44,27.9,-4.67,49.68,5,1,0.16,0.0,0.3,5.61,-4.67,0.0,5.98,28.15
EMA_CROSSOVER_LONG_ONLY,203,228,37.35,64.3,56.03,16.89,1.56,1.61,3.81,62.5,7.61,8,347.8,4.44,27.9,-4.67,49.68,5,1,0.16,0.0,0.3,5.61,-4.67,0.0,5.98,28.15
EMA_CROSSOVER_LONG_ONLY,206,225,37.35,64.3,56.03,16.89,1.56,1.61,3.81,62.5,7.61,8,347.8,4.44,27.9,-4.67,49.68,5,1,0.16,0.0,0.3,5.61,-4.67,0.0,5.98,28.15
EMA_CROSSOVER_LONG_ONLY,207,224,37.35,64.3,56.03,16.89,1.56,1.61,3.81,62.5,7.61,8,347.8,4.44,27.9,-4.67,49.68,5,1,0.16,0.0,0.3,5.61,-4.67,0.0,5.98,28.15
EMA_CROSSOVER_LONG_ONLY,208,223,37.35,64.3,56.03,16.89,1.56,1.61,3.81,62.5,7.61,8,347.8,4.44,27.9,-4.67,49.68,5,1,0.16,0.0,0.3,5.61,-4.67,0.0,5.98,28.15
EMA_CROSSOVER_LONG_ONLY,202,229,37.35,64.3,56.03,16.89,1.56,1.61,3.81,62.5,7.61,8,347.8,4.44,27.9,-4.67,49.68,5,1,0.16,0.0,0.3,5.61,-4.67,0.0,5.98,28.15
EMA_CROSSOVER_LONG_ONLY,198,233,37.35,64.3,56.03,16.89,1.56,1.61,3.81,62.5,7.61,8,347.8,4.44,27.9,-4.67,49.68,5,1,0.16,0.0,0.3,5.61,-4.67,0.0,5.98,28.15
EMA_CROSSOVER_LONG_ONLY,200,234,37.34,64.27,56.02,16.89,1.56,1.61,3.81,62.5,8.12,8,349.0,4.44,28.0,-4.13,49.86,5,1,0.16,0.0,0.3,5.61,-4.13,0.0,5.94,27.47
EMA_CROSSOVER_LONG_ONLY,207,225,37.33,64.25,56.0,16.89,1.56,1.61,3.8,55.56,7.12,9,309.6,3.95,27.9,-4.67,49.75,5,1,0.16,0.0,0.3,5.61,-4.67,0.0,5.98,28.13
EMA_CROSSOVER_LONG_ONLY,206,226,37.33,64.25,56.0,16.89,1.56,1.61,3.8,55.56,7.12,9,309.6,3.95,27.9,-4.67,49.75,5,1,0.16,0.0,0.3,5.61,-4.67,0.0,5.98,28.13
EMA_CROSSOVER_LONG_ONLY,203,229,37.33,64.25,56.0,16.89,1.56,1.61,3.8,55.56,7.12,9,309.6,3.95,27.9,-4.67,49.75,5,1,0.16,0.0,0.3,5.61,-4.67,0.0,5.98,28.13
EMA_CROSSOVER_LONG_ONLY,205,227,37.33,64.25,56.0,16.89,1.56,1.61,3.8,55.56,7.12,9,309.6,3.95,27.9,-4.67,49.75,5,1,0.16,0.0,0.3,5.61,-4.67,0.0,5.98,28.13
EMA_CROSSOVER_LONG_ONLY,204,228,37.33,64.25,56.0,16.89,1.56,1.61,3.8,55.56,7.12,9,309.6,3.95,27.9,-4.67,49.75,5,1,0.16,0.0,0.3,5.61,-4.67,0.0,5.98,28.13
EMA_CROSSOVER_LONG_ONLY,199,234,37.32,64.23,55.99,16.89,1.56,1.61,3.8,62.5,7.61,8,348.8,4.44,28.0,-4.67,49.82,5,1,0.16,0.0,0.3,5.61,-4.67,0.0,5.98,28.12
EMA_CROSSOVER_LONG_ONLY,201,233,37.23,64.07,55.91,16.89,1.55,1.61,3.79,62.5,8.1,8,348.9,4.42,27.9,-4.13,49.84,5,1,0.16,0.0,0.3,5.61,-4.13,0.0,5.94,27.37
EMA_CROSSOVER_LONG_ONLY,202,230,37.21,64.03,55.89,16.89,1.55,1.61,3.79,55.56,7.1,9,309.4,3.94,27.9,-4.67,49.73,5,1,0.16,0.0,0.3,5.61,-4.67,0.0,5.98,28.02
EMA_CROSSOVER_LONG_ONLY,200,232,37.21,64.03,55.89,16.89,1.55,1.61,3.79,55.56,7.1,9,309.4,3.94,27.9,-4.67,49.73,5,1,0.16,0.0,0.3,5.61,-4.67,0.0,5.98,28.02
EMA_CROSSOVER_LONG_ONLY,200,233,37.21,64.02,55.89,16.89,1.55,1.61,3.79,62.5,7.59,8,348.6,4.43,27.9,-4.67,49.8,5,1,0.16,0.0,0.3,5.61,-4.67,0.0,5.98,28.02
EMA_CROSSOVER_LONG_ONLY,213,219,37.21,64.02,55.89,16.89,1.55,1.61,3.79,62.5,7.59,8,348.6,4.43,27.9,-4.67,49.8,5,1,0.16,0.0,0.3,5.61,-4.67,0.0,5.98,28.02
EMA_CROSSOVER_LONG_ONLY,211,221,37.21,64.02,55.89,16.89,1.55,1.61,3.79,62.5,7.59,8,348.6,4.43,27.9,-4.67,49.8,5,1,0.16,0.0,0.3,5.61,-4.67,0.0,5.98,28.02
EMA_CROSSOVER_LONG_ONLY,212,220,37.21,64.02,55.89,16.89,1.55,1.61,3.79,62.5,7.59,8,348.6,4.43,27.9,-4.67,49.8,5,1,0.16,0.0,0.3,5.61,-4.67,0.0,5.98,28.02
EMA_CROSSOVER_LONG_ONLY,202,231,37.21,64.02,55.89,16.89,1.55,1.61,3.79,62.5,7.59,8,348.6,4.43,27.9,-4.67,49.8,5,1,0.16,0.0,0.3,5.61,-4.67,0.0,5.98,28.02
EMA_CROSSOVER_LONG_ONLY,201,232,37.21,64.02,55.89,16.89,1.55,1.61,3.79,62.5,7.59,8,348.6,4.43,27.9,-4.67,49.8,5,1,0.16,0.0,0.3,5.61,-4.67,0.0,5.98,28.02
EMA_CROSSOVER_LONG_ONLY,214,218,37.21,64.02,55.89,16.89,1.55,1.61,3.79,62.5,7.59,8,348.6,4.43,27.9,-4.67,49.8,5,1,0.16,0.0,0.3,5.61,-4.67,0.0,5.98,28.02
EMA_CROSSOVER_LONG_ONLY,210,222,37.21,64.02,55.89,16.89,1.55,1.61,3.79,62.5,7.59,8,348.6,4.43,27.9,-4.67,49.8,5,1,0.16,0.0,0.3,5.61,-4.67,0.0,5.98,28.02
EMA_CROSSOVER_LONG_ONLY,201,231,37.21,64.03,55.89,16.89,1.55,1.61,3.79,55.56,7.1,9,309.4,3.94,27.9,-4.67,49.73,5,1,0.16,0.0,0.3,5.61,-4.67,0.0,5.98,28.02
EMA_CROSSOVER_LONG_ONLY,215,217,37.21,64.02,55.89,16.89,1.55,1.61,3.79,62.5,7.59,8,348.6,4.43,27.9,-4.67,49.8,5,1,0.16,0.0,0.3,5.61,-4.67,0.0,5.98,28.02
EMA_CROSSOVER_LONG_ONLY,204,229,37.16,63.92,55.83,16.89,1.55,1.61,3.79,62.5,7.59,8,348.5,4.42,27.9,-4.67,49.79,5,1,0.16,0.0,0.3,5.61,-4.67,0.0,5.94,28.02
EMA_CROSSOVER_LONG_ONLY,203,230,37.16,63.92,55.83,16.89,1.55,1.61,3.79,62.5,7.59,8,348.5,4.42,27.9,-4.67,49.79,5,1,0.16,0.0,0.3,5.61,-4.67,0.0,5.94,28.02
EMA_CROSSOVER_LONG_ONLY,205,228,37.16,63.92,55.83,16.89,1.55,1.61,3.79,62.5,7.59,8,348.5,4.42,27.9,-4.67,49.79,5,1,0.16,0.0,0.3,5.61,-4.67,0.0,5.94,28.02
EMA_CROSSOVER_LONG_ONLY,206,227,37.16,63.92,55.83,16.89,1.55,1.61,3.79,62.5,7.59,8,348.5,4.42,27.9,-4.67,49.79,5,1,0.16,0.0,0.3,5.61,-4.67,0.0,5.94,28.02
EMA_CROSSOVER_LONG_ONLY,207,226,36.95,63.54,55.63,16.89,1.54,1.6,3.76,62.5,7.38,8,348.6,4.4,27.9,-4.67,49.8,5,1,0.16,0.0,0.3,5.61,-4.67,0.0,5.94,27.83
EMA_CROSSOVER_LONG_ONLY,214,219,36.95,63.54,55.63,16.89,1.54,1.6,3.76,62.5,7.38,8,348.6,4.4,27.9,-4.67,49.8,5,1,0.16,0.0,0.3,5.61,-4.67,0.0,5.94,27.83
EMA_CROSSOVER_LONG_ONLY,212,221,36.95,63.54,55.63,16.89,1.54,1.6,3.76,62.5,7.38,8,348.6,4.4,27.9,-4.67,49.8,5,1,0.16,0.0,0.3,5.61,-4.67,0.0,5.94,27.83
EMA_CROSSOVER_LONG_ONLY,215,218,36.95,63.54,55.63,16.89,1.54,1.6,3.76,62.5,7.38,8,348.6,4.4,27.9,-4.67,49.8,5,1,0.16,0.0,0.3,5.61,-4.67,0.0,5.94,27.83
EMA_CROSSOVER_LONG_ONLY,210,223,36.95,63.54,55.63,16.89,1.54,1.6,3.76,62.5,7.38,8,348.6,4.4,27.9,-4.67,49.8,5,1,0.16,0.0,0.3,5.61,-4.67,0.0,5.94,27.83
EMA_CROSSOVER_LONG_ONLY,211,222,36.95,63.54,55.63,16.89,1.54,1.6,3.76,62.5,7.38,8,348.6,4.4,27.9,-4.67,49.8,5,1,0.16,0.0,0.3,5.61,-4.67,0.0,5.94,27.83
EMA_CROSSOVER_LONG_ONLY,216,217,36.95,63.54,55.63,16.89,1.54,1.6,3.76,62.5,7.38,8,348.6,4.4,27.9,-4.67,49.8,5,1,0.16,0.0,0.3,5.61,-4.67,0.0,5.94,27.83
EMA_CROSSOVER_LONG_ONLY,209,224,36.95,63.54,55.63,16.89,1.54,1.6,3.76,62.5,7.38,8,348.6,4.4,27.9,-4.67,49.8,5,1,0.16,0.0,0.3,5.61,-4.67,0.0,5.94,27.83
