Strategy,Timeframe,Fast_EMA,Slow_EMA,Method,Initial_Capital,Final_Equity,Net_PnL_USD,Total_Return_Pct,CAGR_Pct,Alpha_vs_ETH_Pct,Max_Drawdown_Pct,Max_Drawdown_USD,Avg_Drawdown_Pct,Peak_Equity_Time,MDD_Trough_Time,Max_DD_Duration_Hours,Recovery_Factor,Sharpe_Ratio,Sortino_Ratio,Calmar_Ratio,Omega_Ratio,Composite_Score,Total_Trades,Win_Rate_Pct,Loss_Rate_Pct,Profit_Factor,Expectancy_Pct,Expectancy_USD,Avg_Win_Pct,Avg_Loss_Pct,Payoff_Ratio,Max_Cons_Wins,Max_Cons_Losses,Best_Trade_Pct,Worst_Trade_Pct,Avg_Holding_Hours,Long_Trades_Count,Long_Win_Rate_Pct,Long_Net_PnL_USD,Short_Trades_Count,Short_Win_Rate_Pct,Short_Net_PnL_USD,Exposure_Pct,Total_Fees_USD,Fee_Drag_Pct,Pos_Months,Neg_Months,Best_Month,Worst_Month,M_Jan,M_Feb,M_Mar,M_Apr,M_May,M_Jun,strategy_base,method,fast_ema,slow_ema
EMA_SAR_209_223_1h,1h,20,200,Method 1: SAR,10000.0,15001.18,5001.18,50.01,126.6,97.11,22.26,3204.74,8.1,2026-06-06T04:00,2026-05-13T09:00,1923.0,1.56,1.95,2.7,5.69,1.07,90.9,8,50.0,50.0,3.3,6.13,625.15,16.87,4.6,3.67,2,2,31.29,-4.77,536.6,4,50.0,-339.01,4,50.0,5340.2,98.9,80.0,0.8,5,1,Jun (+17.29%),Mar (-4.28%),12.69,13.82,-4.28,3.67,0.5,17.29,EMA_SAR_209_223,Method 1: SAR,209,223.0
EMA_SAR_207_224_1h,1h,20,200,Method 1: SAR,10000.0,15001.18,5001.18,50.01,126.6,97.11,22.26,3204.74,8.1,2026-06-06T04:00,2026-05-13T09:00,1923.0,1.56,1.95,2.7,5.69,1.07,90.9,8,50.0,50.0,3.3,6.13,625.15,16.87,4.6,3.67,2,2,31.29,-4.77,536.6,4,50.0,-339.01,4,50.0,5340.2,98.9,80.0,0.8,5,1,Jun (+17.29%),Mar (-4.28%),12.69,13.82,-4.28,3.67,0.5,17.29,EMA_SAR_207_224,Method 1: SAR,207,224.0
EMA_SAR_100_200_5m,5m,20,200,Method 1: SAR,10000.0,13425.27,3425.27,34.25,81.12,81.35,25.55,4220.83,11.18,2026-03-22T21:15,2026-06-02T02:05,2402.7,0.81,1.29,1.71,3.18,1.01,60.7,194,32.5,67.5,1.15,0.2,17.66,3.12,1.21,2.58,3,10,21.39,-5.7,22.4,97,34.0,-1465.3,97,30.9,4890.6,99.9,1940.0,19.4,4,2,Jan (+28.94%),May (-11.24%),28.94,9.1,4.24,-3.62,-11.24,7.02,EMA_SAR_100_200,Method 1: SAR,100,200.0
SINGLE_EMA_82_1h,1h,20,200,Method 1: SAR,10000.0,13060.48,3060.48,30.6,71.35,77.7,21.77,3419.77,7.88,2026-06-06T04:00,2026-06-23T02:00,2870.0,0.89,1.25,1.84,3.28,1.04,61.9,230,21.7,78.3,1.2,0.15,13.31,2.99,0.64,4.68,3,15,29.39,-2.88,18.7,115,20.0,-1945.27,115,23.5,5005.75,98.9,2300.0,23.0,4,2,Jan (+28.34%),May (-10.47%),28.34,11.27,-1.8,1.08,-10.47,2.91,SINGLE_EMA_82,Method 3: Single EMA,82,
EMA_SAR_12_26_30m,30m,20,200,Method 1: SAR,10000.0,12962.7,2962.7,29.63,68.77,76.73,26.05,4498.26,9.43,2026-06-08T21:00,2026-06-29T16:30,2371.5,0.66,1.18,1.65,2.64,1.03,52.6,290,29.0,71.0,1.1,0.13,10.22,2.91,0.99,2.94,4,12,23.11,-6.75,14.9,145,29.0,-1678.21,145,29.0,4640.94,99.4,2900.0,29.0,3,3,Feb (+32.50%),Mar (-13.94%),23.63,32.5,-13.94,7.87,-10.52,-4.74,EMA_SAR_12_26,Method 1: SAR,12,26.0
EMA_CONFIRMED_207_224_1h,1h,20,200,Method 1: SAR,10000.0,12943.66,2943.66,29.44,68.28,76.54,27.29,3787.77,11.27,2026-02-24T13:00,2026-05-14T22:00,3034.0,0.78,1.35,1.68,2.5,1.05,60.3,82,12.2,87.8,1.44,0.4,35.9,9.07,0.8,11.31,2,26,30.35,-3.53,40.0,45,6.7,-977.57,37,18.9,3921.26,75.5,820.0,8.2,4,2,Feb (+15.41%),Mar (-12.35%),12.81,15.41,-12.35,-2.29,0.91,15.05,EMA_CONFIRMED_207_224,Method 2: Cross+Price,207,224.0
EMA_CONFIRMED_209_223_1h,1h,20,200,Method 1: SAR,10000.0,12866.52,2866.52,28.67,66.26,75.77,27.44,3809.87,11.35,2026-02-24T13:00,2026-05-14T22:00,3034.0,0.75,1.32,1.65,2.41,1.05,59.0,82,12.2,87.8,1.43,0.39,34.96,9.01,0.8,11.22,1,25,30.35,-3.53,40.0,44,6.8,-1000.99,38,18.4,3867.51,75.6,820.0,8.2,4,2,Feb (+15.41%),Mar (-12.35%),12.81,15.41,-12.35,-2.51,0.91,14.62,EMA_CONFIRMED_209_223,Method 2: Cross+Price,209,223.0
EMA_SAR_50_200_5m,5m,20,200,Method 1: SAR,10000.0,12778.88,2778.88,27.79,63.97,74.89,26.79,4412.98,10.78,2026-02-07T04:20,2026-06-02T06:30,3451.6,0.63,1.13,1.5,2.39,1.01,51.0,306,28.4,71.6,1.1,0.11,9.08,2.79,0.95,2.94,3,14,23.42,-4.55,14.2,153,30.1,-1680.36,153,26.8,4459.31,99.9,3060.0,30.6,4,2,Jan (+31.54%),May (-15.26%),31.54,13.63,-2.86,3.03,-15.26,0.81,EMA_SAR_50_200,Method 1: SAR,50,200.0
EMA_SAR_9_21_1h,1h,20,200,Method 1: SAR,10000.0,11928.47,1928.47,19.28,42.72,66.38,32.54,4937.57,12.8,2026-03-19T16:00,2026-06-02T10:00,2479.0,0.39,0.9,1.25,1.31,1.03,35.7,174,32.8,67.2,1.1,0.15,11.08,3.24,1.35,2.39,4,13,19.74,-7.09,24.7,87,29.9,-2316.22,87,35.6,4244.71,98.9,1740.0,17.4,3,3,Jan (+26.78%),May (-15.33%),26.78,11.66,-9.03,-3.38,-15.33,13.23,EMA_SAR_9_21,Method 1: SAR,9,21.0
SINGLE_EMA_100_1h,1h,20,200,Method 1: SAR,10000.0,11634.05,1634.05,16.34,35.7,63.44,27.39,4023.98,12.97,2026-06-06T04:00,2026-03-12T06:00,2869.0,0.41,0.83,1.2,1.3,1.03,36.4,204,20.1,79.9,1.11,0.11,8.01,3.4,0.72,4.75,3,14,28.78,-2.51,21.0,102,15.7,-2608.38,102,24.5,4242.45,98.9,2040.0,20.4,3,3,Jan (+24.42%),Jun (-6.23%),24.42,0.27,-2.9,5.76,-3.15,-6.23,SINGLE_EMA_100,Method 3: Single EMA,100,
SINGLE_EMA_200_30m,30m,20,200,Method 1: SAR,10000.0,11602.96,1602.96,16.03,34.97,63.13,30.81,4922.2,18.35,2026-02-06T00:00,2026-03-12T06:30,3479.5,0.33,0.82,1.15,1.14,1.02,33.6,276,17.8,82.2,1.1,0.08,5.81,3.07,0.56,5.46,3,16,28.78,-3.33,15.6,138,15.9,-2409.82,138,19.6,4012.85,99.4,2760.0,27.6,3,3,Jan (+34.05%),Mar (-9.30%),34.05,0.56,-9.3,-1.47,-4.35,0.7,SINGLE_EMA_200,Method 3: Single EMA,200,
EMA_SAR_209_223_5m,5m,20,200,Method 1: SAR,10000.0,11469.56,1469.56,14.7,31.85,61.8,47.59,8032.32,27.39,2026-02-06T00:15,2026-05-27T08:35,3479.7,0.18,0.76,0.99,0.67,1.01,22.2,140,33.6,66.4,1.09,0.16,10.5,3.41,1.49,2.29,3,11,20.74,-6.43,31.0,70,32.9,-2338.09,70,34.3,3807.66,99.9,1400.0,14.0,2,4,Jan (+35.58%),Apr (-12.73%),35.58,-7.16,-7.17,-12.73,-12.2,28.11,EMA_SAR_209_223,Method 1: SAR,209,223.0
EMA_SAR_207_224_5m,5m,20,200,Method 1: SAR,10000.0,11342.82,1342.82,13.43,28.93,60.53,47.53,7919.0,27.32,2026-02-06T00:15,2026-05-27T08:35,3479.7,0.17,0.72,0.94,0.61,1.01,21.1,140,33.6,66.4,1.08,0.15,9.59,3.41,1.5,2.27,3,7,20.45,-6.43,31.0,70,31.4,-2376.92,70,35.7,3719.74,99.9,1400.0,14.0,2,4,Jan (+34.64%),Apr (-12.54%),34.64,-7.07,-7.77,-12.54,-12.32,28.18,EMA_SAR_207_224,Method 1: SAR,207,224.0
EMA_SAR_12_26_1h,1h,20,200,Method 1: SAR,10000.0,11203.85,1203.85,12.04,25.77,59.14,47.03,7636.74,25.73,2026-02-05T23:00,2026-06-01T00:00,3480.0,0.16,0.69,0.95,0.55,1.02,21.7,128,36.7,63.3,1.08,0.15,9.41,3.24,1.64,1.97,3,9,20.95,-7.06,33.5,64,34.4,-2587.53,64,39.1,3791.39,98.9,1280.0,12.8,3,3,Jan (+30.65%),Apr (-16.82%),30.65,0.84,-10.03,-16.82,-12.39,29.7,EMA_SAR_12_26,Method 1: SAR,12,26.0
EMA_SAR_20_50_30m,30m,20,200,Method 1: SAR,10000.0,11035.51,1035.51,10.36,21.98,57.46,46.5,7613.13,25.42,2026-02-06T00:00,2026-06-02T08:00,3479.5,0.14,0.63,0.86,0.47,1.02,18.6,150,31.3,68.7,1.06,0.12,6.9,3.42,1.39,2.46,4,11,20.09,-7.06,28.8,75,28.0,-2606.74,75,34.7,3642.29,99.4,1500.0,15.0,2,4,Jan (+36.48%),Apr (-12.84%),36.48,-2.67,-11.77,-12.84,-10.82,21.13,EMA_SAR_20_50,Method 1: SAR,20,50.0
EMA_SAR_20_100_30m,30m,20,200,Method 1: SAR,10000.0,10759.77,759.77,7.6,15.92,54.7,41.53,6687.47,23.47,2026-02-06T00:00,2026-05-27T08:00,3479.5,0.11,0.54,0.75,0.38,1.01,18.0,102,33.3,66.7,1.06,0.15,7.45,3.66,1.6,2.29,3,7,29.63,-5.81,42.3,51,31.4,-2532.44,51,35.3,3292.16,99.4,1020.0,10.2,2,4,Jan (+35.01%),Apr (-15.00%),35.01,-5.57,-4.43,-15.0,-7.1,11.84,EMA_SAR_20_100,Method 1: SAR,20,100.0
EMA_CONFIRMED_209_223_30m,30m,20,200,Method 1: SAR,10000.0,10511.35,511.35,5.11,10.58,52.21,37.35,5769.28,21.38,2026-02-06T00:00,2026-05-15T00:00,3479.5,0.09,0.45,0.53,0.28,1.01,18.5,151,17.9,82.1,1.04,0.08,3.39,4.09,0.8,5.15,3,12,28.77,-4.45,21.0,62,19.4,-1386.22,89,16.9,1897.65,73.2,1510.0,15.1,3,3,Jan (+29.58%),Mar (-10.74%),29.58,-2.47,-10.74,-7.82,0.52,0.57,EMA_CONFIRMED_209_223,Method 2: Cross+Price,209,223.0
EMA_CONFIRMED_207_224_30m,30m,20,200,Method 1: SAR,10000.0,10475.62,475.62,4.76,9.82,51.86,36.61,5612.16,21.21,2026-02-06T00:00,2026-05-15T00:00,3479.5,0.08,0.44,0.52,0.27,1.01,16.7,149,18.1,81.9,1.04,0.08,3.19,4.09,0.81,5.05,3,12,28.78,-4.45,21.3,59,20.3,-1269.87,90,16.7,1745.48,73.1,1490.0,14.9,2,4,Jan (+28.62%),Mar (-10.44%),28.62,-3.13,-10.44,-6.41,0.79,-0.48,EMA_CONFIRMED_207_224,Method 2: Cross+Price,207,224.0
SINGLE_EMA_200_1h,1h,20,200,Method 1: SAR,10000.0,10009.54,9.54,0.1,0.19,47.2,35.1,4678.45,17.36,2026-02-25T21:00,2026-05-14T22:00,3002.0,0.0,0.27,0.38,0.01,1.01,15.2,154,13.6,86.4,1.0,0.05,0.06,5.01,0.73,6.83,2,26,30.35,-3.19,27.9,77,9.1,-2725.09,77,18.2,2734.68,98.9,1540.0,15.4,4,2,Feb (+12.68%),Mar (-19.99%),9.97,12.68,-19.99,-5.81,0.44,6.71,SINGLE_EMA_200,Method 3: Single EMA,200,
SINGLE_EMA_50_1h,1h,20,200,Method 1: SAR,10000.0,9828.03,-171.97,-1.72,-3.44,45.38,32.91,4668.78,16.4,2026-02-05T23:00,2026-06-02T04:00,3480.0,-0.04,0.22,0.32,-0.1,1.01,15.0,326,20.6,79.4,0.99,0.02,-0.53,2.71,0.67,4.02,3,24,31.12,-2.88,13.2,163,20.2,-2916.79,163,20.9,2744.73,98.9,3260.0,32.6,4,2,Jan (+20.17%),May (-14.78%),20.17,0.41,2.15,-7.08,-14.78,0.69,SINGLE_EMA_50,Method 3: Single EMA,50,
EMA_CONFIRMED_100_200_1h,1h,20,200,Method 1: SAR,10000.0,9793.42,-206.58,-2.07,-4.12,45.03,34.75,4982.95,20.7,2026-02-05T23:00,2026-04-07T19:00,3480.0,-0.04,0.15,0.18,-0.12,1.01,10.2,114,21.9,78.1,0.98,0.04,-1.81,4.09,1.09,3.74,3,16,28.78,-5.48,26.2,48,20.8,-1808.67,66,22.7,1602.09,68.7,1140.0,11.4,2,4,Jan (+21.47%),Mar (-14.80%),21.47,-1.84,-14.8,0.69,-1.69,-2.61,EMA_CONFIRMED_100_200,Method 2: Cross+Price,100,200.0
EMA_CONFIRMED_50_200_1h,1h,20,200,Method 1: SAR,10000.0,9595.53,-404.47,-4.04,-7.99,43.06,34.5,4852.69,20.25,2026-02-05T23:00,2026-05-26T11:00,3480.0,-0.08,0.06,0.07,-0.23,1.0,8.9,180,20.6,79.4,0.97,0.02,-2.25,3.27,0.82,3.99,3,15,31.12,-5.19,15.3,76,21.1,-1365.13,104,20.2,960.69,63.3,1800.0,18.0,2,4,Jan (+19.15%),Mar (-8.11%),19.15,-3.73,-8.11,-4.62,-6.21,1.78,EMA_CONFIRMED_50_200,Method 2: Cross+Price,50,200.0
EMA_CONFIRMED_100_200_30m,30m,20,200,Method 1: SAR,10000.0,9389.91,-610.09,-6.1,-11.92,41.0,43.19,6372.41,26.24,2026-02-06T00:00,2026-05-26T10:00,3479.5,-0.1,0.0,0.0,-0.28,1.0,5.4,242,17.4,82.6,0.95,-0.0,-2.52,3.03,0.64,4.75,4,17,18.88,-5.19,12.4,89,20.2,-717.81,153,15.7,107.74,69.1,2420.0,24.2,2,4,Jan (+16.39%),Mar (-9.97%),16.39,-5.17,-9.97,-7.94,-6.68,10.0,EMA_CONFIRMED_100_200,Method 2: Cross+Price,100,200.0
EMA_SAR_209_223_30m,30m,20,200,Method 1: SAR,10000.0,9373.17,-626.83,-6.27,-12.24,40.83,45.71,6496.63,24.5,2026-02-06T00:00,2026-05-13T09:30,3479.5,-0.1,0.02,0.03,-0.27,1.0,6.6,30,20.0,80.0,0.92,0.11,-20.9,12.97,3.11,4.17,1,8,35.06,-8.26,143.9,15,20.0,-2650.42,15,20.0,2023.57,99.4,300.0,3.0,3,3,Jan (+21.52%),Mar (-12.93%),21.52,-9.14,-12.93,-10.37,2.03,6.61,EMA_SAR_209_223,Method 1: SAR,209,223.0
EMA_CONFIRMED_50_100_1h,1h,20,200,Method 1: SAR,10000.0,9345.16,-654.84,-6.55,-12.77,40.55,40.26,5599.92,23.84,2026-02-05T23:00,2026-05-26T11:00,3480.0,-0.12,-0.04,-0.05,-0.32,1.0,6.3,180,21.7,78.3,0.95,0.0,-3.64,3.09,0.85,3.63,3,15,28.11,-5.19,16.6,73,23.3,-1712.23,107,20.6,1057.42,68.8,1800.0,18.0,2,4,Jan (+16.45%),Apr (-9.07%),16.45,-7.96,-7.94,-9.07,-5.22,9.89,EMA_CONFIRMED_50_100,Method 2: Cross+Price,50,100.0
EMA_SAR_20_200_30m,30m,20,200,Method 1: SAR,10000.0,9334.71,-665.29,-6.65,-12.96,40.45,44.8,6671.13,28.52,2026-02-06T00:00,2026-05-27T08:00,3479.5,-0.1,0.03,0.04,-0.29,1.0,7.0,80,25.0,75.0,0.94,0.01,-8.32,5.1,1.69,3.02,2,11,27.42,-5.46,54.0,40,20.0,-3168.13,40,30.0,2502.84,99.4,800.0,8.0,3,3,Jan (+24.80%),Mar (-22.42%),24.8,-4.48,-22.42,-7.63,0.24,9.0,EMA_SAR_20_200,Method 1: SAR,20,200.0
SINGLE_EMA_100_30m,30m,20,200,Method 1: SAR,10000.0,9274.52,-725.48,-7.25,-14.09,39.85,38.66,5638.37,20.49,2026-02-06T00:00,2026-06-02T04:30,3479.5,-0.13,0.03,0.04,-0.36,1.0,8.8,450,17.1,82.9,0.97,0.0,-1.61,2.48,0.51,4.85,3,28,19.33,-2.53,9.6,225,17.8,-3217.06,225,16.4,2491.56,99.4,4500.0,45.0,3,3,Jan (+16.64%),May (-16.63%),16.64,2.61,-1.89,-6.3,-16.63,1.12,SINGLE_EMA_100,Method 3: Single EMA,100,
EMA_SAR_207_224_30m,30m,20,200,Method 1: SAR,10000.0,9267.02,-732.98,-7.33,-14.23,39.77,45.58,6417.0,24.65,2026-02-06T00:00,2026-05-13T09:30,3479.5,-0.11,-0.02,-0.03,-0.31,1.0,6.3,30,20.0,80.0,0.9,0.07,-24.43,12.87,3.13,4.11,1,8,34.86,-8.26,143.9,15,20.0,-2699.11,15,20.0,1966.11,99.4,300.0,3.0,3,3,Jan (+20.38%),Mar (-12.78%),20.38,-9.56,-12.78,-9.88,2.03,6.14,EMA_SAR_207_224,Method 1: SAR,207,224.0
EMA_SAR_20_100_1h,1h,20,200,Method 1: SAR,10000.0,9016.38,-983.62,-9.84,-18.85,37.26,44.14,6342.51,27.66,2026-02-05T23:00,2026-05-13T09:00,3480.0,-0.16,-0.11,-0.15,-0.43,1.0,6.8,58,27.6,72.4,0.9,-0.05,-16.96,5.74,2.25,2.55,2,10,27.49,-5.71,74.0,29,24.1,-3442.95,29,31.0,2459.35,98.9,580.0,5.8,3,3,Jan (+21.47%),Feb (-13.56%),21.47,-13.56,-10.74,-11.72,0.84,8.07,EMA_SAR_20_100,Method 1: SAR,20,100.0
EMA_SAR_50_200_1h,1h,20,200,Method 1: SAR,10000.0,8707.84,-1292.16,-12.92,-24.35,34.18,43.75,5845.5,24.38,2026-02-24T13:00,2026-05-13T09:00,3034.0,-0.22,-0.3,-0.39,-0.56,0.99,6.9,34,17.6,82.4,0.84,-0.1,-38.0,13.3,2.98,4.47,2,6,35.5,-10.54,126.3,17,17.6,-3102.69,17,17.6,1810.52,98.9,340.0,3.4,3,3,Jan (+14.99%),Mar (-18.57%),14.99,-8.18,-18.57,-2.39,2.07,1.67,EMA_SAR_50_200,Method 1: SAR,50,200.0
EMA_SAR_100_200_30m,30m,20,200,Method 1: SAR,10000.0,8541.3,-1458.7,-14.59,-27.24,32.51,53.37,7367.22,30.89,2026-02-06T00:00,2026-05-13T09:30,3479.5,-0.2,-0.31,-0.4,-0.51,0.99,5.0,34,26.5,73.5,0.83,-0.19,-42.9,9.34,3.62,2.58,2,8,26.75,-10.98,127.0,17,29.4,-3117.16,17,23.5,1658.44,99.4,340.0,3.4,3,3,Jun (+16.45%),Mar (-18.53%),14.09,-15.27,-18.53,-9.87,3.33,16.45,EMA_SAR_100_200,Method 1: SAR,100,200.0
EMA_SAR_20_200_1h,1h,20,200,Method 1: SAR,10000.0,8354.84,-1645.16,-16.45,-30.41,30.65,48.66,6658.23,28.58,2026-02-05T23:00,2026-05-13T09:00,3480.0,-0.25,-0.42,-0.57,-0.63,0.99,5.4,44,15.9,84.1,0.81,-0.21,-37.39,11.75,2.47,4.76,2,12,29.36,-7.36,97.6,22,13.6,-3419.57,22,18.2,1774.39,98.9,440.0,4.4,3,3,Jan (+15.83%),Mar (-24.44%),15.83,-7.25,-24.44,-8.85,7.96,4.59,EMA_SAR_20_200,Method 1: SAR,20,200.0
EMA_SAR_50_200_30m,30m,20,200,Method 1: SAR,10000.0,8317.18,-1682.82,-16.83,-31.04,30.27,44.59,6210.5,26.76,2026-02-06T00:00,2026-04-29T10:00,3479.5,-0.27,-0.4,-0.54,-0.7,0.99,6.6,54,27.8,72.2,0.83,-0.2,-31.16,5.93,2.56,2.32,2,10,28.52,-6.35,80.0,27,25.9,-3454.64,27,29.6,1771.86,99.4,540.0,5.4,3,3,Jan (+15.90%),Mar (-14.72%),15.9,-6.26,-14.72,-13.37,2.98,0.63,EMA_SAR_50_200,Method 1: SAR,50,200.0
EMA_SAR_50_100_1h,1h,20,200,Method 1: SAR,10000.0,8224.14,-1775.86,-17.76,-32.59,29.34,53.42,7095.9,30.76,2026-02-05T23:00,2026-05-13T09:00,3480.0,-0.25,-0.47,-0.61,-0.61,0.98,5.0,34,23.5,76.5,0.79,-0.3,-52.23,10.3,3.55,2.9,2,8,27.36,-11.26,126.3,17,23.5,-3371.76,17,23.5,1595.88,98.9,340.0,3.4,3,3,Jun (+16.74%),Mar (-18.30%),11.19,-15.96,-18.3,-11.43,4.19,16.74,EMA_SAR_50_100,Method 1: SAR,50,100.0
SINGLE_EMA_82_30m,30m,20,200,Method 1: SAR,10000.0,8014.49,-1985.51,-19.86,-36.01,27.24,45.72,6347.84,24.86,2026-02-06T00:00,2026-06-02T04:30,3479.5,-0.31,-0.48,-0.68,-0.79,0.99,4.6,542,16.1,83.9,0.91,-0.03,-3.66,2.33,0.48,4.89,3,32,19.91,-3.42,8.0,271,17.7,-3534.79,271,14.4,1549.32,99.4,5420.0,54.2,2,4,Jan (+13.79%),May (-17.75%),13.79,-4.29,-4.61,-9.28,-17.75,3.38,SINGLE_EMA_82,Method 3: Single EMA,82,
EMA_SAR_20_50_1h,1h,20,200,Method 1: SAR,10000.0,7980.01,-2019.99,-20.2,-36.56,26.9,49.59,7385.03,32.79,2026-02-05T23:00,2026-05-27T08:00,3480.0,-0.27,-0.54,-0.74,-0.74,0.98,3.5,86,29.1,70.9,0.83,-0.17,-23.49,4.32,2.01,2.15,3,11,29.16,-6.33,49.9,43,25.6,-3841.04,43,32.6,1821.05,98.9,860.0,8.6,2,4,Jan (+25.96%),Feb (-17.87%),25.96,-17.87,-13.35,-10.82,-4.29,4.31,EMA_SAR_20_50,Method 1: SAR,20,50.0
EMA_SAR_50_100_30m,30m,20,200,Method 1: SAR,10000.0,7886.02,-2113.98,-21.14,-38.06,25.96,54.34,8428.61,34.99,2026-02-06T00:00,2026-05-27T08:00,3479.5,-0.25,-0.57,-0.76,-0.7,0.99,3.3,76,32.9,67.1,0.81,-0.21,-27.82,3.97,2.27,1.75,2,7,28.39,-5.73,56.8,38,23.7,-3757.8,38,42.1,1643.81,99.4,760.0,7.6,2,4,Jan (+29.79%),Feb (-18.06%),29.79,-18.06,-16.33,-14.84,-4.59,9.08,EMA_SAR_50_100,Method 1: SAR,50,100.0
EMA_SAR_100_200_1h,1h,20,200,Method 1: SAR,10000.0,7803.27,-2196.73,-21.97,-39.37,25.13,50.39,6868.48,28.66,2026-02-24T13:00,2026-05-13T09:00,3034.0,-0.32,-0.72,-0.93,-0.78,0.98,3.3,24,20.8,79.2,0.72,-0.65,-91.53,13.32,4.33,3.08,1,6,33.1,-9.69,178.9,12,16.7,-3635.76,12,25.0,1439.04,98.9,240.0,2.4,2,4,Jan (+16.30%),Mar (-26.07%),16.3,-5.07,-26.07,-4.31,-1.32,1.24,EMA_SAR_100_200,Method 1: SAR,100,200.0
EMA_SAR_9_21_30m,30m,20,200,Method 1: SAR,10000.0,7597.27,-2402.73,-24.03,-42.55,23.07,44.84,6089.18,20.19,2026-02-06T00:00,2026-06-29T16:30,3479.5,-0.39,-0.63,-0.88,-0.95,0.98,4.9,394,26.1,73.9,0.92,-0.04,-6.1,2.47,0.93,2.65,4,16,24.15,-5.78,11.0,197,24.9,-3478.91,197,27.4,1076.21,99.4,3940.0,39.4,2,4,Feb (+18.89%),May (-19.10%),7.28,18.89,-16.65,-2.87,-19.1,-9.06,EMA_SAR_9_21,Method 1: SAR,9,21.0
EMA_CONFIRMED_9_21_1h,1h,20,200,Method 1: SAR,10000.0,7455.36,-2544.64,-25.45,-44.69,21.65,38.56,4428.5,15.89,2026-03-01T02:00,2026-06-02T10:00,2925.0,-0.57,-0.9,-1.12,-1.16,0.97,8.4,522,26.2,73.8,0.89,-0.04,-4.87,1.68,0.64,2.63,5,19,9.66,-5.78,5.8,241,26.6,-1828.91,281,26.0,-715.74,70.0,5220.0,52.2,3,3,Feb (+6.66%),May (-20.37%),4.04,6.66,-10.06,-7.29,-20.37,1.18,EMA_CONFIRMED_9_21,Method 2: Cross+Price,9,21.0
EMA_CONFIRMED_50_200_30m,30m,20,200,Method 1: SAR,10000.0,7261.12,-2738.88,-27.39,-47.56,19.71,48.98,6911.51,28.56,2026-02-06T00:00,2026-06-30T09:30,3479.5,-0.4,-1.06,-1.23,-0.97,0.97,2.0,370,16.8,83.2,0.84,-0.07,-7.4,2.47,0.58,4.27,4,20,19.79,-2.84,7.5,153,18.3,-2647.3,217,15.7,-91.61,63.7,3700.0,37.0,1,5,Jan (+14.26%),Apr (-14.92%),14.26,-3.49,-13.78,-14.92,-8.22,-2.2,EMA_CONFIRMED_50_200,Method 2: Cross+Price,50,200.0
EMA_CONFIRMED_20_100_1h,1h,20,200,Method 1: SAR,10000.0,7258.58,-2741.42,-27.41,-47.6,19.69,46.79,6075.28,27.9,2026-02-05T23:00,2026-06-01T02:00,3480.0,-0.45,-1.08,-1.26,-1.02,0.96,4.3,323,21.1,78.9,0.84,-0.07,-8.49,2.36,0.72,3.26,3,13,21.87,-5.78,8.3,135,20.7,-2686.15,188,21.3,-55.29,61.9,3230.0,32.3,2,4,Jan (+11.42%),Apr (-14.38%),11.42,-13.43,-3.94,-14.38,-11.74,3.66,EMA_CONFIRMED_20_100,Method 2: Cross+Price,20,100.0
EMA_CONFIRMED_20_200_1h,1h,20,200,Method 1: SAR,10000.0,7105.32,-2894.68,-28.95,-49.81,18.15,46.36,5867.2,28.05,2026-02-05T23:00,2026-05-22T11:00,3480.0,-0.49,-1.21,-1.36,-1.07,0.95,4.4,316,19.9,80.1,0.82,-0.08,-9.16,2.43,0.71,3.43,3,15,22.28,-5.78,8.0,115,19.1,-1687.26,201,20.4,-1207.39,58.2,3160.0,31.6,2,4,Jan (+8.65%),Apr (-12.99%),8.65,-9.85,-11.7,-12.99,-8.21,2.87,EMA_CONFIRMED_20_200,Method 2: Cross+Price,20,200.0
EMA_CONFIRMED_50_100_30m,30m,20,200,Method 1: SAR,10000.0,7013.09,-2986.91,-29.87,-51.11,17.23,54.11,8064.5,32.88,2026-02-06T00:00,2026-06-01T03:30,3479.5,-0.37,-1.15,-1.39,-0.94,0.97,3.3,381,16.8,83.2,0.83,-0.07,-7.84,2.43,0.58,4.19,3,30,21.15,-2.96,7.9,177,16.9,-3479.76,204,16.7,492.86,69.4,3810.0,38.1,2,4,Jan (+20.84%),Apr (-15.64%),20.84,-9.85,-14.61,-15.64,-11.84,1.37,EMA_CONFIRMED_50_100,Method 2: Cross+Price,50,100.0
EMA_CONFIRMED_20_50_1h,1h,20,200,Method 1: SAR,10000.0,6842.94,-3157.06,-31.57,-53.48,15.53,49.84,6594.42,30.33,2026-02-05T23:00,2026-06-01T02:00,3480.0,-0.48,-1.29,-1.57,-1.07,0.95,3.4,337,20.5,79.5,0.82,-0.09,-9.37,2.41,0.73,3.29,3,15,22.09,-5.78,8.7,151,21.2,-3291.98,186,19.9,134.86,67.5,3370.0,33.7,2,4,Jan (+13.56%),Feb (-15.15%),13.56,-15.15,-5.47,-13.99,-14.14,1.72,EMA_CONFIRMED_20_50,Method 2: Cross+Price,20,50.0
EMA_CONFIRMED_12_26_1h,1h,20,200,Method 1: SAR,10000.0,6605.94,-3394.06,-33.94,-56.67,13.16,49.94,5906.38,26.71,2026-02-05T23:00,2026-06-02T10:00,3480.0,-0.57,-1.38,-1.71,-1.13,0.95,3.4,455,24.6,75.4,0.83,-0.08,-7.46,1.79,0.67,2.66,3,15,14.43,-5.78,6.6,215,22.8,-3187.4,240,26.2,-206.61,69.6,4550.0,45.5,2,4,Jun (+9.78%),May (-17.72%),5.83,-3.28,-13.29,-17.6,-17.72,9.78,EMA_CONFIRMED_12_26,Method 2: Cross+Price,12,26.0
EMA_CONFIRMED_20_100_30m,30m,20,200,Method 1: SAR,10000.0,6405.02,-3594.98,-35.95,-59.28,11.15,52.05,6952.83,28.71,2026-02-06T00:00,2026-06-30T23:30,3479.5,-0.52,-1.49,-1.78,-1.14,0.96,1.7,621,20.6,79.4,0.84,-0.06,-5.79,1.64,0.5,3.27,4,21,10.53,-5.38,4.4,271,22.1,-2800.09,350,19.4,-794.85,63.3,6210.0,62.1,1,5,Jan (+10.82%),Apr (-16.63%),10.82,-2.37,-12.07,-16.63,-14.77,-5.25,EMA_CONFIRMED_20_100,Method 2: Cross+Price,20,100.0
EMA_CONFIRMED_20_50_30m,30m,20,200,Method 1: SAR,10000.0,6356.05,-3643.95,-36.44,-59.91,10.66,51.76,6686.43,28.45,2026-02-06T00:00,2026-06-02T08:00,3479.5,-0.54,-1.49,-1.84,-1.16,0.96,1.7,645,22.5,77.5,0.84,-0.06,-5.65,1.51,0.51,2.94,4,22,10.53,-5.38,4.6,296,24.0,-2835.27,349,21.2,-808.72,68.8,6450.0,64.5,1,5,Jan (+11.29%),May (-16.45%),11.29,-3.09,-15.21,-15.59,-16.45,-1.44,EMA_CONFIRMED_20_50,Method 2: Cross+Price,20,50.0
EMA_SAR_20_200_5m,5m,20,200,Method 1: SAR,10000.0,6052.15,-3947.85,-39.48,-63.68,7.62,53.34,6768.99,28.64,2026-02-06T00:15,2026-06-29T15:50,3479.7,-0.58,-1.39,-1.84,-1.19,0.99,1.7,478,20.9,79.1,0.85,-0.08,-8.26,2.63,0.79,3.33,3,18,23.6,-4.41,9.1,239,20.5,-3817.44,239,21.3,-130.36,99.9,4780.0,47.8,1,5,Jan (+8.11%),May (-24.27%),8.11,-0.72,-19.3,-5.6,-24.27,-2.27,EMA_SAR_20_200,Method 1: SAR,20,200.0
SINGLE_EMA_50_30m,30m,20,200,Method 1: SAR,10000.0,5946.97,-4053.03,-40.53,-64.94,6.57,55.62,7357.55,29.24,2026-02-07T04:00,2026-06-30T07:30,3451.5,-0.55,-1.49,-2.18,-1.17,0.97,1.7,686,15.7,84.3,0.84,-0.06,-5.91,2.29,0.5,4.57,3,29,22.87,-2.61,6.3,343,16.9,-4109.87,343,14.6,56.7,99.4,6860.0,68.6,1,5,Jan (+10.94%),May (-18.63%),10.94,-3.43,-14.23,-16.72,-18.63,-4.5,SINGLE_EMA_50,Method 3: Single EMA,50,
EMA_CONFIRMED_20_200_30m,30m,20,200,Method 1: SAR,10000.0,5892.41,-4107.59,-41.08,-65.59,6.02,54.22,6950.61,31.57,2026-02-06T00:00,2026-06-30T09:30,3479.5,-0.59,-1.87,-2.13,-1.21,0.94,1.7,610,19.3,80.7,0.81,-0.08,-6.73,1.72,0.51,3.41,4,17,10.53,-5.38,4.2,241,19.1,-2585.23,369,19.5,-1522.39,59.0,6100.0,61.0,1,5,Jan (+6.35%),Mar (-20.70%),6.35,-2.56,-20.7,-13.15,-11.39,-6.82,EMA_CONFIRMED_20_200,Method 2: Cross+Price,20,200.0
SINGLE_EMA_20_1h,1h,20,200,Method 1: SAR,10000.0,5607.76,-4392.24,-43.92,-68.86,3.18,50.41,5483.93,25.87,2026-02-05T23:00,2026-06-02T10:00,3480.0,-0.8,-1.71,-2.49,-1.37,0.95,5.0,588,18.7,81.3,0.82,-0.08,-7.47,2.35,0.64,3.68,3,25,23.81,-5.78,7.3,294,17.7,-4163.07,294,19.7,-229.11,98.9,5880.0,58.8,3,3,Jan (+1.45%),May (-23.09%),1.45,-14.44,1.45,-17.29,-23.09,0.11,SINGLE_EMA_20,Method 3: Single EMA,20,
EMA_SAR_50_100_5m,5m,20,200,Method 1: SAR,10000.0,5522.19,-4477.81,-44.78,-69.8,2.32,54.41,6533.65,27.6,2026-02-06T00:15,2026-06-29T16:50,3479.7,-0.69,-1.65,-2.18,-1.28,0.98,1.7,472,24.6,75.4,0.83,-0.1,-9.49,2.3,0.89,2.59,3,15,23.78,-5.79,9.2,236,22.0,-4159.18,236,27.1,-318.69,99.9,4720.0,47.2,1,5,Feb (+2.30%),May (-21.13%),-1.28,2.3,-15.31,-4.3,-21.13,-14.45,EMA_SAR_50_100,Method 1: SAR,50,100.0
EMA_CONFIRMED_12_26_30m,30m,20,200,Method 1: SAR,10000.0,5477.84,-4522.16,-45.22,-70.3,1.88,48.54,5122.32,23.29,2026-02-07T04:00,2026-06-29T16:30,3451.5,-0.88,-2.06,-2.72,-1.45,0.94,0.4,924,22.2,77.8,0.84,-0.06,-4.89,1.44,0.48,2.97,3,21,9.49,-2.87,3.3,436,20.4,-3638.72,488,23.8,-883.37,70.3,9240.0,92.4,0,6,Jan (-1.77%),Mar (-17.31%),-1.77,-2.28,-17.31,-7.87,-17.07,-9.67,EMA_CONFIRMED_12_26,Method 2: Cross+Price,12,26.0
EMA_SAR_20_100_5m,5m,20,200,Method 1: SAR,10000.0,4793.55,-5206.45,-52.06,-77.3,-4.96,55.98,5972.76,30.23,2026-02-06T00:15,2026-06-29T15:50,3479.7,-0.87,-2.08,-2.77,-1.38,0.98,0.0,718,21.9,78.1,0.82,-0.09,-7.25,1.97,0.67,2.96,3,20,10.88,-5.97,6.0,359,20.6,-4513.84,359,23.1,-692.64,99.9,7180.0,71.8,0,6,Jan (-4.93%),May (-17.49%),-4.93,-9.55,-14.98,-6.12,-17.49,-15.35,EMA_SAR_20_100,Method 1: SAR,20,100.0
EMA_CONFIRMED_209_223_5m,5m,20,200,Method 1: SAR,10000.0,4124.72,-5875.28,-58.75,-83.24,-11.65,66.96,8271.22,39.48,2026-02-06T00:15,2026-06-29T16:25,3479.7,-0.71,-3.02,-3.53,-1.24,0.97,1.7,1115,13.3,86.7,0.74,-0.07,-5.27,1.57,0.32,4.86,2,32,16.76,-4.76,2.9,517,13.9,-3440.76,598,12.7,-2434.51,75.6,11150.0,111.5,1,5,Jan (+1.63%),Apr (-25.16%),1.63,-10.46,-21.75,-25.16,-18.9,-4.57,EMA_CONFIRMED_209_223,Method 2: Cross+Price,209,223.0
EMA_CONFIRMED_9_21_30m,30m,20,200,Method 1: SAR,10000.0,4056.95,-5943.05,-59.43,-83.79,-12.33,60.82,6209.21,30.92,2026-01-02T22:30,2026-06-29T16:30,4297.0,-0.96,-3.21,-4.19,-1.38,0.91,0.0,1080,22.3,77.7,0.79,-0.08,-5.5,1.31,0.47,2.75,5,22,10.74,-3.3,2.8,516,20.9,-4107.78,564,23.6,-1835.35,69.5,10800.0,108.0,0,6,Feb (-1.36%),May (-23.30%),-9.26,-1.36,-20.63,-13.28,-23.3,-14.14,EMA_CONFIRMED_9_21,Method 2: Cross+Price,9,21.0
EMA_CONFIRMED_207_224_5m,5m,20,200,Method 1: SAR,10000.0,3981.11,-6018.89,-60.19,-84.39,-13.09,67.44,8159.86,39.81,2026-02-06T00:15,2026-06-29T16:25,3479.7,-0.74,-3.15,-3.68,-1.25,0.96,1.7,1116,13.2,86.8,0.74,-0.08,-5.39,1.58,0.33,4.82,2,33,16.76,-4.76,2.9,516,13.8,-3462.7,600,12.7,-2556.14,75.5,11160.0,111.6,1,5,Jan (+0.04%),Apr (-25.53%),0.04,-10.77,-22.2,-25.53,-19.15,-4.79,EMA_CONFIRMED_207_224,Method 2: Cross+Price,207,224.0
SINGLE_EMA_20_30m,30m,20,200,Method 1: SAR,10000.0,3382.32,-6617.68,-66.18,-88.77,-19.08,67.15,6775.02,33.9,2026-01-02T10:30,2026-06-29T16:30,4309.0,-0.98,-3.27,-4.79,-1.32,0.92,0.0,1140,19.4,80.6,0.77,-0.09,-5.8,1.51,0.47,3.23,3,26,10.53,-5.38,3.8,570,18.4,-5023.44,570,20.4,-1594.13,99.4,11400.0,114.0,0,6,Feb (-4.42%),Jun (-22.26%),-11.23,-4.42,-19.4,-18.57,-21.88,-22.26,SINGLE_EMA_20,Method 3: Single EMA,20,
EMA_SAR_20_50_5m,5m,20,200,Method 1: SAR,10000.0,2682.62,-7317.38,-73.17,-92.96,-26.07,74.42,7536.61,45.68,2026-01-05T01:40,2026-06-29T16:25,4246.2,-0.97,-3.92,-5.26,-1.25,0.96,0.0,1128,22.7,77.3,0.74,-0.11,-6.49,1.48,0.57,2.59,4,28,10.28,-5.97,3.8,564,20.9,-5088.63,564,24.5,-2228.56,99.9,11280.0,112.8,0,6,Feb (-15.82%),Jun (-25.00%),-20.75,-15.82,-21.61,-17.4,-17.19,-25.0,EMA_SAR_20_50,Method 1: SAR,20,50.0
EMA_CONFIRMED_100_200_5m,5m,20,200,Method 1: SAR,10000.0,2368.05,-7631.95,-76.32,-94.52,-29.22,77.25,7904.99,43.19,2026-01-02T17:15,2026-06-29T16:25,4302.7,-0.97,-5.16,-6.07,-1.22,0.94,0.0,1681,13.8,86.2,0.7,-0.08,-4.54,1.28,0.3,4.27,3,39,9.02,-2.35,1.8,794,14.0,-4448.82,887,13.6,-3183.09,70.4,16810.0,168.1,0,6,Jan (-13.03%),May (-27.50%),-13.03,-15.35,-22.2,-25.05,-27.5,-23.91,EMA_CONFIRMED_100_200,Method 2: Cross+Price,100,200.0
SINGLE_EMA_200_5m,5m,20,200,Method 1: SAR,10000.0,1432.52,-8567.48,-85.67,-98.01,-38.57,86.07,8795.1,54.61,2026-01-02T17:15,2026-06-29T16:30,4302.7,-0.97,-6.08,-8.29,-1.14,0.94,0.0,2101,10.4,89.6,0.65,-0.09,-4.08,1.54,0.28,5.57,3,52,16.76,-4.76,2.1,1050,10.1,-5351.57,1051,10.7,-3215.8,99.9,21010.0,210.1,0,6,Feb (-9.79%),Apr (-36.75%),-28.23,-9.79,-31.76,-36.75,-25.01,-31.64,SINGLE_EMA_200,Method 3: Single EMA,200,
EMA_SAR_12_26_5m,5m,20,200,Method 1: SAR,10000.0,1390.3,-8609.7,-86.1,-98.13,-39.0,86.4,8642.4,55.87,2026-01-01T04:40,2026-06-29T16:25,4339.2,-1.0,-5.98,-8.45,-1.14,0.94,0.0,1959,21.8,78.2,0.72,-0.1,-4.4,1.14,0.44,2.61,4,26,10.76,-2.55,2.2,979,22.0,-5398.04,980,21.7,-3211.78,99.9,19590.0,195.9,0,6,Feb (-17.48%),Jun (-32.35%),-28.73,-17.48,-29.69,-32.08,-26.82,-32.35,EMA_SAR_12_26,Method 1: SAR,12,26.0
EMA_CONFIRMED_50_200_5m,5m,20,200,Method 1: SAR,10000.0,1051.14,-8948.86,-89.49,-98.94,-42.39,89.65,9108.0,56.28,2026-01-02T17:15,2026-06-30T23:55,4302.7,-0.98,-8.35,-9.63,-1.1,0.9,0.0,2467,13.7,86.3,0.66,-0.09,-3.63,1.08,0.27,3.95,7,52,10.68,-1.7,1.1,1176,12.9,-5298.54,1291,14.3,-3650.21,64.6,24670.0,246.7,0,6,Jan (-21.10%),May (-38.40%),-21.1,-25.43,-33.75,-31.72,-38.4,-35.89,EMA_CONFIRMED_50_200,Method 2: Cross+Price,50,200.0
EMA_SAR_9_21_5m,5m,20,200,Method 1: SAR,10000.0,829.79,-9170.21,-91.7,-99.34,-44.6,91.95,9197.2,58.81,2026-01-01T04:40,2026-06-29T16:25,4339.2,-1.0,-7.6,-10.85,-1.08,0.93,0.0,2509,21.2,78.8,0.71,-0.1,-3.65,0.98,0.38,2.57,5,22,9.5,-2.57,1.7,1254,20.3,-5656.23,1255,22.2,-3514.0,99.9,25090.0,250.9,0,6,Feb (-25.41%),Jun (-43.93%),-28.02,-25.41,-25.76,-40.72,-37.37,-43.93,EMA_SAR_9_21,Method 1: SAR,9,21.0
EMA_CONFIRMED_50_100_5m,5m,20,200,Method 1: SAR,10000.0,677.64,-9322.36,-93.22,-99.56,-46.12,93.33,9481.5,63.75,2026-01-02T17:15,2026-06-30T23:55,4302.7,-0.98,-9.76,-11.6,-1.07,0.89,0.0,2550,13.6,86.4,0.61,-0.1,-3.66,1.09,0.29,3.77,7,53,10.68,-2.74,1.2,1254,13.4,-5203.71,1296,13.9,-4118.64,69.7,25500.0,255.0,0,6,Feb (-29.57%),Jun (-41.72%),-31.61,-29.57,-38.22,-34.25,-40.58,-41.72,EMA_CONFIRMED_50_100,Method 2: Cross+Price,50,100.0
SINGLE_EMA_100_5m,5m,20,200,Method 1: SAR,10000.0,381.88,-9618.12,-96.18,-99.86,-49.08,96.26,9628.89,70.89,2026-01-01T04:40,2026-06-29T16:30,4339.2,-1.0,-10.2,-14.48,-1.04,0.9,0.0,3169,11.0,89.0,0.57,-0.1,-3.04,1.22,0.26,4.64,5,48,9.02,-1.72,1.4,1584,10.9,-5581.31,1585,11.2,-4036.91,99.9,31690.0,316.9,0,6,Feb (-35.57%),Jun (-47.62%),-42.79,-35.57,-42.28,-42.05,-40.87,-47.62,SINGLE_EMA_100,Method 3: Single EMA,100,
EMA_CONFIRMED_20_200_5m,5m,20,200,Method 1: SAR,10000.0,209.71,-9790.29,-97.9,-99.96,-50.8,97.9,9795.79,72.15,2026-01-01T05:30,2026-06-30T23:40,4338.4,-1.0,-14.74,-16.63,-1.02,0.83,0.0,3882,14.8,85.2,0.57,-0.1,-2.52,0.76,0.25,3.1,4,44,7.92,-2.5,0.7,1863,14.2,-5477.35,2019,15.5,-4312.88,58.3,38820.0,388.2,0,6,Feb (-34.13%),Jun (-53.82%),-41.57,-34.13,-51.45,-50.21,-51.21,-53.82,EMA_CONFIRMED_20_200,Method 2: Cross+Price,20,200.0
SINGLE_EMA_82_5m,5m,20,200,Method 1: SAR,10000.0,209.16,-9790.84,-97.91,-99.96,-50.81,97.91,9793.41,73.94,2026-01-01T04:40,2026-06-30T23:55,4339.2,-1.0,-12.08,-17.16,-1.02,0.89,0.0,3553,11.3,88.7,0.55,-0.11,-2.76,1.14,0.26,4.31,3,46,9.59,-1.8,1.2,1776,11.0,-5601.08,1777,11.6,-4189.68,99.9,35530.0,355.3,0,6,Mar (-43.10%),Jun (-54.53%),-43.16,-45.58,-43.1,-51.05,-46.62,-54.53,SINGLE_EMA_82,Method 3: Single EMA,82,
EMA_CONFIRMED_20_100_5m,5m,20,200,Method 1: SAR,10000.0,178.8,-9821.2,-98.21,-99.97,-51.11,98.21,9821.2,74.36,2026-01-01T00:00,2026-06-30T23:40,4339.2,-1.0,-14.95,-17.45,-1.02,0.83,0.0,4002,15.2,84.8,0.56,-0.1,-2.45,0.75,0.25,3.01,4,52,7.92,-2.58,0.7,1966,14.8,-5227.9,2036,15.6,-4593.16,62.3,40020.0,400.2,0,6,Feb (-38.05%),Jun (-57.72%),-45.8,-38.05,-50.22,-50.34,-49.05,-57.72,EMA_CONFIRMED_20_100,Method 2: Cross+Price,20,100.0
EMA_CONFIRMED_20_50_5m,5m,20,200,Method 1: SAR,10000.0,133.25,-9866.75,-98.67,-99.98,-51.57,98.67,9866.75,76.65,2026-01-01T00:00,2026-06-30T23:40,4339.7,-1.0,-15.58,-18.91,-1.01,0.83,0.0,4207,16.3,83.7,0.54,-0.1,-2.35,0.72,0.26,2.77,4,38,7.92,-2.58,0.7,2071,15.9,-5366.75,2136,16.7,-4500.03,67.5,42070.0,420.7,0,6,Feb (-40.44%),Jun (-60.19%),-50.48,-40.44,-52.23,-53.41,-49.0,-60.19,EMA_CONFIRMED_20_50,Method 2: Cross+Price,20,50.0
SINGLE_EMA_50_5m,5m,20,200,Method 1: SAR,10000.0,77.28,-9922.72,-99.23,-99.99,-52.13,99.23,9925.29,79.72,2026-01-01T04:40,2026-06-30T23:55,4339.2,-1.0,-15.15,-21.84,-1.01,0.86,0.0,4629,12.9,87.1,0.53,-0.1,-2.14,0.91,0.25,3.63,4,55,10.68,-1.7,0.9,2314,13.0,-5496.94,2315,12.7,-4425.74,99.9,46290.0,462.9,0,6,Feb (-52.51%),Jun (-60.68%),-53.95,-52.51,-55.33,-54.96,-55.33,-60.68,SINGLE_EMA_50,Method 3: Single EMA,50,
EMA_CONFIRMED_12_26_5m,5m,20,200,Method 1: SAR,10000.0,31.55,-9968.45,-99.68,-100.0,-52.58,99.69,9971.09,83.23,2026-01-01T04:40,2026-06-30T18:10,4339.2,-1.0,-20.35,-25.82,-1.0,0.79,0.0,5652,17.7,82.3,0.49,-0.1,-1.76,0.59,0.25,2.37,5,34,5.72,-2.12,0.5,2768,17.3,-5036.85,2884,18.2,-4931.74,69.4,56520.0,565.2,0,6,Feb (-57.39%),Jun (-67.48%),-61.94,-57.39,-59.8,-62.77,-60.02,-67.48,EMA_CONFIRMED_12_26,Method 2: Cross+Price,12,26.0
EMA_CONFIRMED_9_21_5m,5m,20,200,Method 1: SAR,10000.0,11.57,-9988.43,-99.88,-100.0,-52.78,99.88,9991.03,84.56,2026-01-01T04:40,2026-06-30T20:45,4339.2,-1.0,-23.93,-30.72,-1.0,0.76,0.0,6650,18.0,82.0,0.49,-0.1,-1.5,0.52,0.24,2.21,5,40,5.84,-2.12,0.5,3257,17.9,-5169.08,3393,18.0,-4819.46,69.3,66500.0,665.0,0,6,Feb (-61.83%),Jun (-75.36%),-64.93,-61.83,-63.91,-68.77,-68.89,-75.36,EMA_CONFIRMED_9_21,Method 2: Cross+Price,9,21.0
SINGLE_EMA_20_5m,5m,20,200,Method 1: SAR,10000.0,9.99,-9990.01,-99.9,-100.0,-52.8,99.9,9992.58,86.32,2026-01-01T04:40,2026-06-20T04:10,4339.2,-1.0,-21.98,-31.41,-1.0,0.8,0.0,6836,15.0,85.0,0.48,-0.1,-1.46,0.65,0.23,2.81,4,51,7.92,-2.1,0.6,3418,15.0,-5288.14,3418,14.9,-4701.63,93.9,68360.0,683.6,0,6,Feb (-58.10%),Apr (-73.88%),-69.56,-58.1,-71.06,-73.88,-68.67,-66.93,SINGLE_EMA_20,Method 3: Single EMA,20,
