trade_id,strategy,direction,entry_time,entry_price,exit_time,exit_price,duration_bars,duration_hours,invested_usd,realized_pnl_usd,realized_pnl_pct,portfolio_after,exit_reason
1,5M_EMA_SAR_20_200,LONG,2026-01-01T16:40,2985.67,2026-01-03T07:15,3093.94,463,38.58,10000.0,362.63,3.63,10362.63,Signal Flip
2,5M_EMA_SAR_20_200,SHORT,2026-01-03T07:15,3093.94,2026-01-03T13:40,3108.58,77,6.42,10362.63,-49.04,-0.47,10313.59,Signal Flip
3,5M_EMA_SAR_20_200,LONG,2026-01-03T13:40,3108.58,2026-01-04T15:45,3129.64,313,26.08,10313.59,69.88,0.68,10383.47,Signal Flip
4,5M_EMA_SAR_20_200,SHORT,2026-01-04T15:45,3129.64,2026-01-04T17:05,3141.36,16,1.33,10383.47,-38.87,-0.37,10344.6,Signal Flip
5,5M_EMA_SAR_20_200,LONG,2026-01-04T17:05,3141.36,2026-01-04T18:20,3127.33,15,1.25,10344.6,-46.22,-0.45,10298.38,Signal Flip
6,5M_EMA_SAR_20_200,SHORT,2026-01-04T18:20,3127.33,2026-01-04T20:50,3141.0,30,2.5,10298.38,-45.03,-0.44,10253.35,Signal Flip
7,5M_EMA_SAR_20_200,LONG,2026-01-04T20:50,3141.0,2026-01-05T06:50,3154.6,120,10.0,10253.35,44.4,0.43,10297.76,Signal Flip
8,5M_EMA_SAR_20_200,SHORT,2026-01-05T06:50,3154.6,2026-01-05T07:05,3161.21,3,0.25,10297.76,-21.57,-0.21,10276.19,Signal Flip
9,5M_EMA_SAR_20_200,LONG,2026-01-05T07:05,3161.21,2026-01-05T13:55,3149.48,82,6.83,10276.19,-38.12,-0.37,10238.07,Signal Flip
10,5M_EMA_SAR_20_200,SHORT,2026-01-05T13:55,3149.48,2026-01-05T15:35,3181.0,20,1.67,10238.07,-102.45,-1.0,10135.62,Signal Flip
11,5M_EMA_SAR_20_200,LONG,2026-01-05T15:35,3181.0,2026-01-06T18:05,3205.36,318,26.5,10135.62,77.61,0.77,10213.23,Signal Flip
12,5M_EMA_SAR_20_200,SHORT,2026-01-06T18:05,3205.36,2026-01-06T20:50,3248.89,33,2.75,10213.23,-138.72,-1.36,10074.51,Signal Flip
13,5M_EMA_SAR_20_200,LONG,2026-01-06T20:50,3248.89,2026-01-07T06:10,3248.22,112,9.33,10074.51,-2.1,-0.02,10072.41,Signal Flip
14,5M_EMA_SAR_20_200,SHORT,2026-01-07T06:10,3248.22,2026-01-07T07:30,3261.47,16,1.33,10072.41,-41.1,-0.41,10031.3,Signal Flip
15,5M_EMA_SAR_20_200,LONG,2026-01-07T07:30,3261.47,2026-01-07T09:10,3237.88,20,1.67,10031.3,-72.55,-0.72,9958.75,Signal Flip
16,5M_EMA_SAR_20_200,SHORT,2026-01-07T09:10,3237.88,2026-01-09T04:25,3123.01,519,43.25,9958.75,353.3,3.55,10312.05,Signal Flip
17,5M_EMA_SAR_20_200,LONG,2026-01-09T04:25,3123.01,2026-01-09T05:50,3113.77,17,1.42,10312.05,-30.5,-0.3,10281.55,Signal Flip
18,5M_EMA_SAR_20_200,SHORT,2026-01-09T05:50,3113.77,2026-01-09T06:00,3120.07,2,0.17,10281.55,-20.79,-0.2,10260.76,Signal Flip
19,5M_EMA_SAR_20_200,LONG,2026-01-09T06:00,3120.07,2026-01-09T08:05,3102.6,25,2.08,10260.76,-57.46,-0.56,10203.3,Signal Flip
20,5M_EMA_SAR_20_200,SHORT,2026-01-09T08:05,3102.6,2026-01-09T16:10,3122.01,97,8.08,10203.3,-63.84,-0.63,10139.46,Signal Flip
21,5M_EMA_SAR_20_200,LONG,2026-01-09T16:10,3122.01,2026-01-09T18:40,3088.11,30,2.5,10139.46,-110.11,-1.09,10029.35,Signal Flip
22,5M_EMA_SAR_20_200,SHORT,2026-01-09T18:40,3088.11,2026-01-10T09:40,3094.38,180,15.0,10029.35,-20.37,-0.2,10008.98,Signal Flip
23,5M_EMA_SAR_20_200,LONG,2026-01-10T09:40,3094.38,2026-01-10T19:00,3091.3,112,9.33,10008.98,-9.94,-0.1,9999.04,Signal Flip
24,5M_EMA_SAR_20_200,SHORT,2026-01-10T19:00,3091.3,2026-01-11T01:55,3095.88,83,6.92,9999.04,-14.79,-0.15,9984.24,Signal Flip
25,5M_EMA_SAR_20_200,LONG,2026-01-11T01:55,3095.88,2026-01-11T23:05,3093.99,254,21.17,9984.24,-6.08,-0.06,9978.17,Signal Flip
26,5M_EMA_SAR_20_200,SHORT,2026-01-11T23:05,3093.99,2026-01-11T23:35,3116.0,6,0.5,9978.17,-70.97,-0.71,9907.2,Signal Flip
27,5M_EMA_SAR_20_200,LONG,2026-01-11T23:35,3116.0,2026-01-11T23:40,3109.73,1,0.08,9907.2,-19.91,-0.2,9887.29,Signal Flip
28,5M_EMA_SAR_20_200,SHORT,2026-01-11T23:40,3109.73,2026-01-11T23:45,3122.46,1,0.08,9887.29,-40.46,-0.41,9846.82,Signal Flip
29,5M_EMA_SAR_20_200,LONG,2026-01-11T23:45,3122.46,2026-01-12T08:55,3115.5,110,9.17,9846.82,-21.95,-0.22,9824.88,Signal Flip
30,5M_EMA_SAR_20_200,SHORT,2026-01-12T08:55,3115.5,2026-01-12T16:30,3144.79,91,7.58,9824.88,-92.37,-0.94,9732.51,Signal Flip
31,5M_EMA_SAR_20_200,LONG,2026-01-12T16:30,3144.79,2026-01-12T17:35,3090.54,13,1.08,9732.51,-167.89,-1.72,9564.63,Signal Flip
32,5M_EMA_SAR_20_200,SHORT,2026-01-12T17:35,3090.54,2026-01-13T04:05,3118.04,126,10.5,9564.63,-85.09,-0.89,9479.54,Signal Flip
33,5M_EMA_SAR_20_200,LONG,2026-01-13T04:05,3118.04,2026-01-15T01:25,3325.02,544,45.33,9479.54,629.26,6.64,10108.8,Signal Flip
34,5M_EMA_SAR_20_200,SHORT,2026-01-15T01:25,3325.02,2026-01-15T08:55,3336.82,90,7.5,10108.8,-35.88,-0.35,10072.92,Signal Flip
35,5M_EMA_SAR_20_200,LONG,2026-01-15T08:55,3336.82,2026-01-15T15:50,3292.78,83,6.92,10072.92,-132.93,-1.32,9939.99,Signal Flip
36,5M_EMA_SAR_20_200,SHORT,2026-01-15T15:50,3292.78,2026-01-16T08:20,3319.36,198,16.5,9939.99,-80.23,-0.81,9859.77,Signal Flip
37,5M_EMA_SAR_20_200,LONG,2026-01-16T08:20,3319.36,2026-01-16T10:05,3304.21,21,1.75,9859.77,-45.01,-0.46,9814.76,Signal Flip
38,5M_EMA_SAR_20_200,SHORT,2026-01-16T10:05,3304.21,2026-01-16T23:35,3298.9,162,13.5,9814.76,15.77,0.16,9830.53,Signal Flip
39,5M_EMA_SAR_20_200,LONG,2026-01-16T23:35,3298.9,2026-01-17T00:45,3290.74,14,1.17,9830.53,-24.3,-0.25,9806.23,Signal Flip
40,5M_EMA_SAR_20_200,SHORT,2026-01-17T00:45,3290.74,2026-01-17T01:20,3296.22,7,0.58,9806.23,-16.31,-0.17,9789.92,Signal Flip
41,5M_EMA_SAR_20_200,LONG,2026-01-17T01:20,3296.22,2026-01-17T01:35,3289.72,3,0.25,9789.92,-19.28,-0.2,9770.63,Signal Flip
42,5M_EMA_SAR_20_200,SHORT,2026-01-17T01:35,3289.72,2026-01-17T08:25,3295.03,82,6.83,9770.63,-15.75,-0.16,9754.88,Signal Flip
43,5M_EMA_SAR_20_200,LONG,2026-01-17T08:25,3295.03,2026-01-17T23:00,3300.36,175,14.58,9754.88,15.79,0.16,9770.67,Signal Flip
44,5M_EMA_SAR_20_200,SHORT,2026-01-17T23:00,3300.36,2026-01-18T00:15,3313.96,15,1.25,9770.67,-40.25,-0.41,9730.41,Signal Flip
45,5M_EMA_SAR_20_200,LONG,2026-01-18T00:15,3313.96,2026-01-18T01:00,3302.87,9,0.75,9730.41,-32.56,-0.33,9697.86,Signal Flip
46,5M_EMA_SAR_20_200,SHORT,2026-01-18T01:00,3302.87,2026-01-18T03:45,3317.77,33,2.75,9697.86,-43.75,-0.45,9654.11,Signal Flip
47,5M_EMA_SAR_20_200,LONG,2026-01-18T03:45,3317.77,2026-01-18T08:15,3305.38,54,4.5,9654.11,-36.06,-0.37,9618.05,Signal Flip
48,5M_EMA_SAR_20_200,SHORT,2026-01-18T08:15,3305.38,2026-01-18T08:40,3313.63,5,0.42,9618.05,-24.0,-0.25,9594.04,Signal Flip
49,5M_EMA_SAR_20_200,LONG,2026-01-18T08:40,3313.63,2026-01-18T23:40,3309.16,180,15.0,9594.04,-12.92,-0.13,9581.13,Signal Flip
50,5M_EMA_SAR_20_200,SHORT,2026-01-18T23:40,3309.16,2026-01-21T15:25,3008.02,765,63.75,9581.13,871.9,9.1,10453.03,Signal Flip
51,5M_EMA_SAR_20_200,LONG,2026-01-21T15:25,3008.02,2026-01-21T16:40,2927.35,15,1.25,10453.03,-280.36,-2.68,10172.67,Signal Flip
52,5M_EMA_SAR_20_200,SHORT,2026-01-21T16:40,2927.35,2026-01-21T19:50,3056.59,38,3.17,10172.67,-449.12,-4.41,9723.55,Signal Flip
53,5M_EMA_SAR_20_200,LONG,2026-01-21T19:50,3056.59,2026-01-22T11:15,2995.5,185,15.42,9723.55,-194.33,-2.0,9529.22,Signal Flip
54,5M_EMA_SAR_20_200,SHORT,2026-01-22T11:15,2995.5,2026-01-23T04:15,2979.08,204,17.0,9529.22,52.24,0.55,9581.47,Signal Flip
55,5M_EMA_SAR_20_200,LONG,2026-01-23T04:15,2979.08,2026-01-23T06:45,2953.67,30,2.5,9581.47,-81.71,-0.85,9499.76,Signal Flip
56,5M_EMA_SAR_20_200,SHORT,2026-01-23T06:45,2953.67,2026-01-23T16:40,2972.27,119,9.92,9499.76,-59.8,-0.63,9439.96,Signal Flip
57,5M_EMA_SAR_20_200,LONG,2026-01-23T16:40,2972.27,2026-01-23T20:50,2933.88,50,4.17,9439.96,-121.91,-1.29,9318.05,Signal Flip
58,5M_EMA_SAR_20_200,SHORT,2026-01-23T20:50,2933.88,2026-01-23T23:00,2961.5,26,2.17,9318.05,-87.71,-0.94,9230.34,Signal Flip
59,5M_EMA_SAR_20_200,LONG,2026-01-23T23:00,2961.5,2026-01-24T00:45,2950.06,21,1.75,9230.34,-35.64,-0.39,9194.69,Signal Flip
60,5M_EMA_SAR_20_200,SHORT,2026-01-24T00:45,2950.06,2026-01-24T01:30,2960.28,9,0.75,9194.69,-31.84,-0.35,9162.85,Signal Flip
61,5M_EMA_SAR_20_200,LONG,2026-01-24T01:30,2960.28,2026-01-24T14:05,2951.08,151,12.58,9162.85,-28.46,-0.31,9134.39,Signal Flip
62,5M_EMA_SAR_20_200,SHORT,2026-01-24T14:05,2951.08,2026-01-24T15:10,2967.7,13,1.08,9134.39,-51.44,-0.56,9082.95,Signal Flip
63,5M_EMA_SAR_20_200,LONG,2026-01-24T15:10,2967.7,2026-01-24T16:20,2952.52,14,1.17,9082.95,-46.46,-0.51,9036.49,Signal Flip
64,5M_EMA_SAR_20_200,SHORT,2026-01-24T16:20,2952.52,2026-01-24T17:25,2967.06,13,1.08,9036.49,-44.5,-0.49,8991.99,Signal Flip
65,5M_EMA_SAR_20_200,LONG,2026-01-24T17:25,2967.06,2026-01-24T19:50,2952.72,29,2.42,8991.99,-43.46,-0.48,8948.53,Signal Flip
66,5M_EMA_SAR_20_200,SHORT,2026-01-24T19:50,2952.72,2026-01-24T22:55,2963.83,37,3.08,8948.53,-33.66,-0.38,8914.87,Signal Flip
67,5M_EMA_SAR_20_200,LONG,2026-01-24T22:55,2963.83,2026-01-24T23:20,2955.52,5,0.42,8914.87,-24.99,-0.28,8889.87,Signal Flip
68,5M_EMA_SAR_20_200,SHORT,2026-01-24T23:20,2955.52,2026-01-26T02:40,2876.39,328,27.33,8889.87,238.03,2.68,9127.9,Signal Flip
69,5M_EMA_SAR_20_200,LONG,2026-01-26T02:40,2876.39,2026-01-26T03:00,2864.55,4,0.33,9127.9,-37.57,-0.41,9090.32,Signal Flip
70,5M_EMA_SAR_20_200,SHORT,2026-01-26T03:00,2864.55,2026-01-26T06:25,2875.11,41,3.42,9090.32,-33.51,-0.37,9056.81,Signal Flip
71,5M_EMA_SAR_20_200,LONG,2026-01-26T06:25,2875.11,2026-01-27T09:15,2911.99,322,26.83,9056.81,116.2,1.28,9173.01,Signal Flip
72,5M_EMA_SAR_20_200,SHORT,2026-01-27T09:15,2911.99,2026-01-27T15:15,2932.4,72,6.0,9173.01,-64.27,-0.7,9108.74,Signal Flip
73,5M_EMA_SAR_20_200,LONG,2026-01-27T15:15,2932.4,2026-01-28T16:15,2996.11,300,25.0,9108.74,197.92,2.17,9306.66,Signal Flip
74,5M_EMA_SAR_20_200,SHORT,2026-01-28T16:15,2996.11,2026-01-28T17:55,3028.94,20,1.67,9306.66,-101.99,-1.1,9204.67,Signal Flip
75,5M_EMA_SAR_20_200,LONG,2026-01-28T17:55,3028.94,2026-01-29T00:20,3001.18,77,6.42,9204.67,-84.38,-0.92,9120.3,Signal Flip
76,5M_EMA_SAR_20_200,SHORT,2026-01-29T00:20,3001.18,2026-02-02T10:35,2292.78,1275,106.25,9120.3,2152.77,23.6,11273.06,Signal Flip
77,5M_EMA_SAR_20_200,LONG,2026-02-02T10:35,2292.78,2026-02-03T02:55,2304.15,196,16.33,11273.06,55.91,0.5,11328.98,Signal Flip
78,5M_EMA_SAR_20_200,SHORT,2026-02-03T02:55,2304.15,2026-02-03T04:25,2338.81,18,1.5,11328.98,-170.42,-1.5,11158.55,Signal Flip
79,5M_EMA_SAR_20_200,LONG,2026-02-03T04:25,2338.81,2026-02-03T05:55,2321.11,18,1.5,11158.55,-84.45,-0.76,11074.11,Signal Flip
80,5M_EMA_SAR_20_200,SHORT,2026-02-03T05:55,2321.11,2026-02-03T21:20,2304.55,185,15.42,11074.11,78.99,0.71,11153.1,Signal Flip
81,5M_EMA_SAR_20_200,LONG,2026-02-03T21:20,2304.55,2026-02-03T22:50,2231.32,18,1.5,11153.1,-354.39,-3.18,10798.71,Signal Flip
82,5M_EMA_SAR_20_200,SHORT,2026-02-03T22:50,2231.32,2026-02-04T02:00,2269.78,38,3.17,10798.71,-186.13,-1.72,10612.57,Signal Flip
83,5M_EMA_SAR_20_200,LONG,2026-02-04T02:00,2269.78,2026-02-04T02:50,2246.69,10,0.83,10612.57,-108.0,-1.02,10504.58,Signal Flip
84,5M_EMA_SAR_20_200,SHORT,2026-02-04T02:50,2246.69,2026-02-04T03:25,2269.55,7,0.58,10504.58,-106.92,-1.02,10397.65,Signal Flip
85,5M_EMA_SAR_20_200,LONG,2026-02-04T03:25,2269.55,2026-02-04T09:50,2258.16,77,6.42,10397.65,-52.2,-0.5,10345.45,Signal Flip
86,5M_EMA_SAR_20_200,SHORT,2026-02-04T09:50,2258.16,2026-02-06T12:00,1933.64,602,50.17,10345.45,1486.76,14.37,11832.22,Signal Flip
87,5M_EMA_SAR_20_200,LONG,2026-02-06T12:00,1933.64,2026-02-06T12:20,1918.27,4,0.33,11832.22,-94.03,-0.79,11738.19,Signal Flip
88,5M_EMA_SAR_20_200,SHORT,2026-02-06T12:20,1918.27,2026-02-06T13:15,1943.67,11,0.92,11738.19,-155.43,-1.32,11582.76,Signal Flip
89,5M_EMA_SAR_20_200,LONG,2026-02-06T13:15,1943.67,2026-02-07T07:50,2028.43,223,18.58,11582.76,505.07,4.36,12087.82,Signal Flip
90,5M_EMA_SAR_20_200,SHORT,2026-02-07T07:50,2028.43,2026-02-07T12:40,2048.52,58,4.83,12087.82,-119.77,-0.99,11968.05,Signal Flip
91,5M_EMA_SAR_20_200,LONG,2026-02-07T12:40,2048.52,2026-02-07T14:55,2016.58,27,2.25,11968.05,-186.62,-1.56,11781.44,Signal Flip
92,5M_EMA_SAR_20_200,SHORT,2026-02-07T14:55,2016.58,2026-02-07T15:25,2048.75,6,0.5,11781.44,-187.96,-1.6,11593.47,Signal Flip
93,5M_EMA_SAR_20_200,LONG,2026-02-07T15:25,2048.75,2026-02-08T17:10,2091.89,309,25.75,11593.47,244.12,2.11,11837.59,Signal Flip
94,5M_EMA_SAR_20_200,SHORT,2026-02-08T17:10,2091.89,2026-02-08T18:50,2113.74,20,1.67,11837.59,-123.6,-1.04,11713.99,Signal Flip
95,5M_EMA_SAR_20_200,LONG,2026-02-08T18:50,2113.74,2026-02-08T22:10,2096.74,40,3.33,11713.99,-94.18,-0.8,11619.8,Signal Flip
96,5M_EMA_SAR_20_200,SHORT,2026-02-08T22:10,2096.74,2026-02-08T23:05,2124.04,11,0.92,11619.8,-151.29,-1.3,11468.51,Signal Flip
97,5M_EMA_SAR_20_200,LONG,2026-02-08T23:05,2124.04,2026-02-08T23:35,2084.14,6,0.5,11468.51,-215.46,-1.88,11253.05,Signal Flip
98,5M_EMA_SAR_20_200,SHORT,2026-02-08T23:35,2084.14,2026-02-09T16:55,2093.9,208,17.33,11253.05,-52.69,-0.47,11200.36,Signal Flip
99,5M_EMA_SAR_20_200,LONG,2026-02-09T16:55,2093.9,2026-02-10T03:35,2063.54,128,10.67,11200.36,-162.39,-1.45,11037.97,Signal Flip
100,5M_EMA_SAR_20_200,SHORT,2026-02-10T03:35,2063.54,2026-02-11T02:30,2030.94,275,22.92,11037.97,174.34,1.58,11212.31,Signal Flip
101,5M_EMA_SAR_20_200,LONG,2026-02-11T02:30,2030.94,2026-02-11T02:50,2014.36,4,0.33,11212.31,-91.55,-0.82,11120.76,Signal Flip
102,5M_EMA_SAR_20_200,SHORT,2026-02-11T02:50,2014.36,2026-02-11T21:35,1977.37,225,18.75,11120.76,204.23,1.84,11325.0,Signal Flip
103,5M_EMA_SAR_20_200,LONG,2026-02-11T21:35,1977.37,2026-02-11T23:20,1946.21,21,1.75,11325.0,-178.47,-1.58,11146.52,Signal Flip
104,5M_EMA_SAR_20_200,SHORT,2026-02-11T23:20,1946.21,2026-02-12T01:15,1969.38,23,1.92,11146.52,-132.75,-1.19,11013.78,Signal Flip
105,5M_EMA_SAR_20_200,LONG,2026-02-12T01:15,1969.38,2026-02-12T15:45,1954.86,174,14.5,11013.78,-81.21,-0.74,10932.56,Signal Flip
106,5M_EMA_SAR_20_200,SHORT,2026-02-12T15:45,1954.86,2026-02-13T02:30,1947.18,129,10.75,10932.56,42.94,0.39,10975.51,Signal Flip
107,5M_EMA_SAR_20_200,LONG,2026-02-13T02:30,1947.18,2026-02-13T05:35,1939.41,37,3.08,10975.51,-43.82,-0.4,10931.69,Signal Flip
108,5M_EMA_SAR_20_200,SHORT,2026-02-13T05:35,1939.41,2026-02-13T08:50,1960.58,39,3.25,10931.69,-119.33,-1.09,10812.36,Signal Flip
109,5M_EMA_SAR_20_200,LONG,2026-02-13T08:50,1960.58,2026-02-15T01:35,2061.12,489,40.75,10812.36,554.46,5.13,11366.83,Signal Flip
110,5M_EMA_SAR_20_200,SHORT,2026-02-15T01:35,2061.12,2026-02-15T05:20,2090.45,45,3.75,11366.83,-161.78,-1.42,11205.04,Signal Flip
111,5M_EMA_SAR_20_200,LONG,2026-02-15T05:20,2090.45,2026-02-15T09:00,2068.17,44,3.67,11205.04,-119.47,-1.07,11085.57,Signal Flip
112,5M_EMA_SAR_20_200,SHORT,2026-02-15T09:00,2068.17,2026-02-16T09:20,1985.97,292,24.33,11085.57,440.56,3.97,11526.13,Signal Flip
113,5M_EMA_SAR_20_200,LONG,2026-02-16T09:20,1985.97,2026-02-16T11:25,1960.15,25,2.08,11526.13,-149.87,-1.3,11376.26,Signal Flip
114,5M_EMA_SAR_20_200,SHORT,2026-02-16T11:25,1960.15,2026-02-16T12:35,1996.87,14,1.17,11376.26,-213.11,-1.87,11163.15,Signal Flip
115,5M_EMA_SAR_20_200,LONG,2026-02-16T12:35,1996.87,2026-02-16T14:15,1966.92,20,1.67,11163.15,-167.44,-1.5,10995.71,Signal Flip
116,5M_EMA_SAR_20_200,SHORT,2026-02-16T14:15,1966.92,2026-02-16T18:10,1984.09,47,3.92,10995.71,-96.02,-0.87,10899.7,Signal Flip
117,5M_EMA_SAR_20_200,LONG,2026-02-16T18:10,1984.09,2026-02-16T19:00,1967.96,10,0.83,10899.7,-88.64,-0.81,10811.05,Signal Flip
118,5M_EMA_SAR_20_200,SHORT,2026-02-16T19:00,1967.96,2026-02-16T20:35,1985.98,19,1.58,10811.05,-99.03,-0.92,10712.02,Signal Flip
119,5M_EMA_SAR_20_200,LONG,2026-02-16T20:35,1985.98,2026-02-17T05:25,1973.29,106,8.83,10712.02,-68.45,-0.64,10643.58,Signal Flip
120,5M_EMA_SAR_20_200,SHORT,2026-02-17T05:25,1973.29,2026-02-17T14:00,1991.53,103,8.58,10643.58,-98.34,-0.92,10545.23,Signal Flip
121,5M_EMA_SAR_20_200,LONG,2026-02-17T14:00,1991.53,2026-02-17T14:55,1947.6,11,0.92,10545.23,-232.61,-2.21,10312.62,Signal Flip
122,5M_EMA_SAR_20_200,SHORT,2026-02-17T14:55,1947.6,2026-02-17T16:40,2005.09,21,1.75,10312.62,-304.45,-2.95,10008.18,Signal Flip
123,5M_EMA_SAR_20_200,LONG,2026-02-17T16:40,2005.09,2026-02-17T17:25,1968.52,9,0.75,10008.18,-182.57,-1.82,9825.61,Signal Flip
124,5M_EMA_SAR_20_200,SHORT,2026-02-17T17:25,1968.52,2026-02-17T18:45,2002.13,16,1.33,9825.61,-167.79,-1.71,9657.82,Signal Flip
125,5M_EMA_SAR_20_200,LONG,2026-02-17T18:45,2002.13,2026-02-18T01:20,1974.48,79,6.58,9657.82,-133.37,-1.38,9524.45,Signal Flip
126,5M_EMA_SAR_20_200,SHORT,2026-02-18T01:20,1974.48,2026-02-18T03:15,1990.38,23,1.92,9524.45,-76.71,-0.81,9447.74,Signal Flip
127,5M_EMA_SAR_20_200,LONG,2026-02-18T03:15,1990.38,2026-02-18T11:30,1982.23,99,8.25,9447.74,-38.72,-0.41,9409.03,Signal Flip
128,5M_EMA_SAR_20_200,SHORT,2026-02-18T11:30,1982.23,2026-02-19T03:25,1970.75,191,15.92,9409.03,54.46,0.58,9463.49,Signal Flip
129,5M_EMA_SAR_20_200,LONG,2026-02-19T03:25,1970.75,2026-02-19T10:10,1964.31,81,6.75,9463.49,-30.96,-0.33,9432.53,Signal Flip
130,5M_EMA_SAR_20_200,SHORT,2026-02-19T10:10,1964.31,2026-02-19T21:55,1948.26,141,11.75,9432.53,77.04,0.82,9509.57,Signal Flip
131,5M_EMA_SAR_20_200,LONG,2026-02-19T21:55,1948.26,2026-02-19T22:20,1943.22,5,0.42,9509.57,-24.63,-0.26,9484.94,Signal Flip
132,5M_EMA_SAR_20_200,SHORT,2026-02-19T22:20,1943.22,2026-02-19T23:40,1950.59,16,1.33,9484.94,-36.01,-0.38,9448.93,Signal Flip
133,5M_EMA_SAR_20_200,LONG,2026-02-19T23:40,1950.59,2026-02-20T04:30,1936.96,58,4.83,9448.93,-66.04,-0.7,9382.89,Signal Flip
134,5M_EMA_SAR_20_200,SHORT,2026-02-20T04:30,1936.96,2026-02-20T05:50,1961.47,16,1.33,9382.89,-118.73,-1.27,9264.16,Signal Flip
135,5M_EMA_SAR_20_200,LONG,2026-02-20T05:50,1961.47,2026-02-20T11:55,1945.11,73,6.08,9264.16,-77.28,-0.83,9186.88,Signal Flip
136,5M_EMA_SAR_20_200,SHORT,2026-02-20T11:55,1945.11,2026-02-20T16:05,1968.17,50,4.17,9186.88,-108.95,-1.19,9077.93,Signal Flip
137,5M_EMA_SAR_20_200,LONG,2026-02-20T16:05,1968.17,2026-02-21T04:00,1958.05,143,11.92,9077.93,-46.69,-0.51,9031.24,Signal Flip
138,5M_EMA_SAR_20_200,SHORT,2026-02-21T04:00,1958.05,2026-02-21T06:05,1964.37,25,2.08,9031.24,-29.16,-0.32,9002.09,Signal Flip
139,5M_EMA_SAR_20_200,LONG,2026-02-21T06:05,1964.37,2026-02-21T07:05,1960.19,12,1.0,9002.09,-19.17,-0.21,8982.92,Signal Flip
140,5M_EMA_SAR_20_200,SHORT,2026-02-21T07:05,1960.19,2026-02-21T07:10,1964.21,1,0.08,8982.92,-18.43,-0.21,8964.49,Signal Flip
141,5M_EMA_SAR_20_200,LONG,2026-02-21T07:10,1964.21,2026-02-21T22:40,1973.51,186,15.5,8964.49,42.45,0.47,9006.94,Signal Flip
142,5M_EMA_SAR_20_200,SHORT,2026-02-21T22:40,1973.51,2026-02-22T10:40,1979.69,144,12.0,9006.94,-28.19,-0.31,8978.75,Signal Flip
143,5M_EMA_SAR_20_200,LONG,2026-02-22T10:40,1979.69,2026-02-22T12:40,1962.9,24,2.0,8978.75,-76.16,-0.85,8902.59,Signal Flip
144,5M_EMA_SAR_20_200,SHORT,2026-02-22T12:40,1962.9,2026-02-23T10:20,1925.47,260,21.67,8902.59,169.74,1.91,9072.34,Signal Flip
145,5M_EMA_SAR_20_200,LONG,2026-02-23T10:20,1925.47,2026-02-23T15:35,1904.23,63,5.25,9072.34,-100.1,-1.1,8972.23,Signal Flip
146,5M_EMA_SAR_20_200,SHORT,2026-02-23T15:35,1904.23,2026-02-24T15:55,1844.13,292,24.33,8972.23,283.16,3.16,9255.39,Signal Flip
147,5M_EMA_SAR_20_200,LONG,2026-02-24T15:55,1844.13,2026-02-26T15:20,2022.69,569,47.42,9255.39,896.15,9.68,10151.54,Signal Flip
148,5M_EMA_SAR_20_200,SHORT,2026-02-26T15:20,2022.69,2026-02-27T04:05,2054.25,153,12.75,10151.54,-158.39,-1.56,9993.15,Signal Flip
149,5M_EMA_SAR_20_200,LONG,2026-02-27T04:05,2054.25,2026-02-27T09:45,2018.91,68,5.67,9993.15,-171.9,-1.72,9821.25,Signal Flip
150,5M_EMA_SAR_20_200,SHORT,2026-02-27T09:45,2018.91,2026-02-28T16:25,1903.65,368,30.67,9821.25,560.69,5.71,10381.94,Signal Flip
151,5M_EMA_SAR_20_200,LONG,2026-02-28T16:25,1903.65,2026-03-01T13:30,1975.39,253,21.08,10381.94,391.25,3.77,10773.19,Signal Flip
152,5M_EMA_SAR_20_200,SHORT,2026-03-01T13:30,1975.39,2026-03-01T13:55,2018.73,5,0.42,10773.19,-236.35,-2.19,10536.85,Signal Flip
153,5M_EMA_SAR_20_200,LONG,2026-03-01T13:55,2018.73,2026-03-01T17:25,1964.37,42,3.5,10536.85,-283.74,-2.69,10253.1,Signal Flip
154,5M_EMA_SAR_20_200,SHORT,2026-03-01T17:25,1964.37,2026-03-02T01:55,1967.87,102,8.5,10253.1,-18.3,-0.18,10234.8,Signal Flip
155,5M_EMA_SAR_20_200,LONG,2026-03-02T01:55,1967.87,2026-03-02T02:10,1949.22,3,0.25,10234.8,-96.99,-0.95,10137.81,Signal Flip
156,5M_EMA_SAR_20_200,SHORT,2026-03-02T02:10,1949.22,2026-03-02T03:35,1972.76,17,1.42,10137.81,-122.38,-1.21,10015.43,Signal Flip
157,5M_EMA_SAR_20_200,LONG,2026-03-02T03:35,1972.76,2026-03-02T06:40,1946.72,37,3.08,10015.43,-132.2,-1.32,9883.23,Signal Flip
158,5M_EMA_SAR_20_200,SHORT,2026-03-02T06:40,1946.72,2026-03-02T15:05,1985.99,101,8.42,9883.23,-199.4,-2.02,9683.83,Signal Flip
159,5M_EMA_SAR_20_200,LONG,2026-03-02T15:05,1985.99,2026-03-03T03:30,2009.71,149,12.42,9683.83,115.67,1.19,9799.5,Signal Flip
160,5M_EMA_SAR_20_200,SHORT,2026-03-03T03:30,2009.71,2026-03-03T18:35,1993.74,181,15.08,9799.5,77.91,0.8,9877.41,Signal Flip
161,5M_EMA_SAR_20_200,LONG,2026-03-03T18:35,1993.74,2026-03-03T21:15,1967.0,32,2.67,9877.41,-132.48,-1.34,9744.93,Signal Flip
162,5M_EMA_SAR_20_200,SHORT,2026-03-03T21:15,1967.0,2026-03-03T23:05,1987.61,22,1.83,9744.93,-102.14,-1.05,9642.79,Signal Flip
163,5M_EMA_SAR_20_200,LONG,2026-03-03T23:05,1987.61,2026-03-04T00:45,1963.67,20,1.67,9642.79,-116.17,-1.2,9526.62,Signal Flip
164,5M_EMA_SAR_20_200,SHORT,2026-03-04T00:45,1963.67,2026-03-04T01:40,1994.16,11,0.92,9526.62,-147.92,-1.55,9378.7,Signal Flip
165,5M_EMA_SAR_20_200,LONG,2026-03-04T01:40,1994.16,2026-03-04T02:30,1972.19,10,0.83,9378.7,-103.29,-1.1,9275.41,Signal Flip
166,5M_EMA_SAR_20_200,SHORT,2026-03-04T02:30,1972.19,2026-03-04T07:25,1982.26,59,4.92,9275.41,-47.35,-0.51,9228.06,Signal Flip
167,5M_EMA_SAR_20_200,LONG,2026-03-04T07:25,1982.26,2026-03-05T08:10,2098.53,297,24.75,9228.06,541.27,5.87,9769.33,Signal Flip
168,5M_EMA_SAR_20_200,SHORT,2026-03-05T08:10,2098.53,2026-03-05T09:20,2127.25,14,1.17,9769.33,-133.71,-1.37,9635.62,Signal Flip
169,5M_EMA_SAR_20_200,LONG,2026-03-05T09:20,2127.25,2026-03-05T14:25,2115.49,61,5.08,9635.62,-53.27,-0.55,9582.34,Signal Flip
170,5M_EMA_SAR_20_200,SHORT,2026-03-05T14:25,2115.49,2026-03-07T12:20,1989.66,551,45.92,9582.34,569.95,5.95,10152.29,Signal Flip
171,5M_EMA_SAR_20_200,LONG,2026-03-07T12:20,1989.66,2026-03-07T12:40,1985.01,4,0.33,10152.29,-23.76,-0.23,10128.53,Signal Flip
172,5M_EMA_SAR_20_200,SHORT,2026-03-07T12:40,1985.01,2026-03-08T10:00,1964.52,256,21.33,10128.53,104.53,1.03,10233.06,Signal Flip
173,5M_EMA_SAR_20_200,LONG,2026-03-08T10:00,1964.52,2026-03-08T11:45,1947.72,21,1.75,10233.06,-87.54,-0.86,10145.51,Signal Flip
174,5M_EMA_SAR_20_200,SHORT,2026-03-08T11:45,1947.72,2026-03-08T19:55,1965.3,98,8.17,10145.51,-91.61,-0.9,10053.91,Signal Flip
175,5M_EMA_SAR_20_200,LONG,2026-03-08T19:55,1965.3,2026-03-08T22:05,1919.76,26,2.17,10053.91,-232.98,-2.32,9820.92,Signal Flip
176,5M_EMA_SAR_20_200,SHORT,2026-03-08T22:05,1919.76,2026-03-09T01:35,1960.79,42,3.5,9820.92,-209.9,-2.14,9611.03,Signal Flip
177,5M_EMA_SAR_20_200,LONG,2026-03-09T01:35,1960.79,2026-03-09T02:20,1940.0,9,0.75,9611.03,-101.91,-1.06,9509.12,Signal Flip
178,5M_EMA_SAR_20_200,SHORT,2026-03-09T02:20,1940.0,2026-03-09T02:45,1960.18,5,0.42,9509.12,-98.91,-1.04,9410.2,Signal Flip
179,5M_EMA_SAR_20_200,LONG,2026-03-09T02:45,1960.18,2026-03-09T23:35,1999.11,250,20.83,9410.2,186.89,1.99,9597.1,Signal Flip
180,5M_EMA_SAR_20_200,SHORT,2026-03-09T23:35,1999.11,2026-03-10T00:55,2014.82,16,1.33,9597.1,-75.4,-0.79,9521.69,Signal Flip
181,5M_EMA_SAR_20_200,LONG,2026-03-10T00:55,2014.82,2026-03-10T14:15,2013.61,160,13.33,9521.69,-5.69,-0.06,9516.0,Signal Flip
182,5M_EMA_SAR_20_200,SHORT,2026-03-10T14:15,2013.61,2026-03-10T15:00,2076.23,9,0.75,9516.0,-295.91,-3.11,9220.09,Signal Flip
183,5M_EMA_SAR_20_200,LONG,2026-03-10T15:00,2076.23,2026-03-10T19:15,2034.89,51,4.25,9220.09,-183.56,-1.99,9036.53,Signal Flip
184,5M_EMA_SAR_20_200,SHORT,2026-03-10T19:15,2034.89,2026-03-11T13:30,2047.1,219,18.25,9036.53,-54.23,-0.6,8982.31,Signal Flip
185,5M_EMA_SAR_20_200,LONG,2026-03-11T13:30,2047.1,2026-03-12T01:10,2046.25,140,11.67,8982.31,-3.76,-0.04,8978.55,Signal Flip
186,5M_EMA_SAR_20_200,SHORT,2026-03-12T01:10,2046.25,2026-03-12T09:00,2048.81,94,7.83,8978.55,-11.27,-0.13,8967.28,Signal Flip
187,5M_EMA_SAR_20_200,LONG,2026-03-12T09:00,2048.81,2026-03-12T19:10,2049.88,122,10.17,8967.28,4.69,0.05,8971.97,Signal Flip
188,5M_EMA_SAR_20_200,SHORT,2026-03-12T19:10,2049.88,2026-03-12T19:30,2062.91,4,0.33,8971.97,-57.01,-0.64,8914.95,Signal Flip
189,5M_EMA_SAR_20_200,LONG,2026-03-12T19:30,2062.91,2026-03-13T17:55,2096.76,269,22.42,8914.95,146.28,1.64,9061.24,Signal Flip
190,5M_EMA_SAR_20_200,SHORT,2026-03-13T17:55,2096.76,2026-03-14T21:00,2087.05,325,27.08,9061.24,41.95,0.46,9103.19,Signal Flip
191,5M_EMA_SAR_20_200,LONG,2026-03-14T21:00,2087.05,2026-03-15T13:45,2089.48,201,16.75,9103.19,10.61,0.12,9113.8,Signal Flip
192,5M_EMA_SAR_20_200,SHORT,2026-03-15T13:45,2089.48,2026-03-15T18:10,2110.9,53,4.42,9113.8,-93.43,-1.03,9020.37,Signal Flip
193,5M_EMA_SAR_20_200,LONG,2026-03-15T18:10,2110.9,2026-03-17T05:05,2310.39,419,34.92,9020.37,852.46,9.45,9872.83,Signal Flip
194,5M_EMA_SAR_20_200,SHORT,2026-03-17T05:05,2310.39,2026-03-17T07:25,2337.58,28,2.33,9872.83,-116.16,-1.18,9756.67,Signal Flip
195,5M_EMA_SAR_20_200,LONG,2026-03-17T07:25,2337.58,2026-03-17T10:10,2310.83,33,2.75,9756.67,-111.63,-1.14,9645.04,Signal Flip
196,5M_EMA_SAR_20_200,SHORT,2026-03-17T10:10,2310.83,2026-03-17T11:30,2329.56,16,1.33,9645.04,-78.18,-0.81,9566.86,Signal Flip
197,5M_EMA_SAR_20_200,LONG,2026-03-17T11:30,2329.56,2026-03-17T23:55,2317.83,149,12.42,9566.86,-48.19,-0.5,9518.68,Signal Flip
198,5M_EMA_SAR_20_200,SHORT,2026-03-17T23:55,2317.83,2026-03-18T02:10,2335.82,27,2.25,9518.68,-73.87,-0.78,9444.81,Signal Flip
199,5M_EMA_SAR_20_200,LONG,2026-03-18T02:10,2335.82,2026-03-18T05:50,2321.16,44,3.67,9444.81,-59.27,-0.63,9385.54,Signal Flip
200,5M_EMA_SAR_20_200,SHORT,2026-03-18T05:50,2321.16,2026-03-18T09:50,2331.8,48,4.0,9385.54,-43.01,-0.46,9342.53,Signal Flip
201,5M_EMA_SAR_20_200,LONG,2026-03-18T09:50,2331.8,2026-03-18T10:45,2313.19,11,0.92,9342.53,-74.53,-0.8,9268.0,Signal Flip
202,5M_EMA_SAR_20_200,SHORT,2026-03-18T10:45,2313.19,2026-03-20T01:45,2160.15,468,39.0,9268.0,613.18,6.62,9881.18,Signal Flip
203,5M_EMA_SAR_20_200,LONG,2026-03-20T01:45,2160.15,2026-03-20T02:25,2138.01,8,0.67,9881.18,-101.27,-1.02,9779.91,Signal Flip
204,5M_EMA_SAR_20_200,SHORT,2026-03-20T02:25,2138.01,2026-03-20T04:00,2152.46,19,1.58,9779.91,-66.08,-0.68,9713.83,Signal Flip
205,5M_EMA_SAR_20_200,LONG,2026-03-20T04:00,2152.46,2026-03-20T04:55,2144.76,11,0.92,9713.83,-34.74,-0.36,9679.09,Signal Flip
206,5M_EMA_SAR_20_200,SHORT,2026-03-20T04:55,2144.76,2026-03-20T05:15,2152.09,4,0.33,9679.09,-33.07,-0.34,9646.02,Signal Flip
207,5M_EMA_SAR_20_200,LONG,2026-03-20T05:15,2152.09,2026-03-20T05:30,2142.24,3,0.25,9646.02,-44.14,-0.46,9601.88,Signal Flip
208,5M_EMA_SAR_20_200,SHORT,2026-03-20T05:30,2142.24,2026-03-20T08:15,2171.88,33,2.75,9601.88,-132.84,-1.38,9469.04,Signal Flip
209,5M_EMA_SAR_20_200,LONG,2026-03-20T08:15,2171.88,2026-03-20T10:05,2135.89,22,1.83,9469.04,-156.88,-1.66,9312.16,Signal Flip
210,5M_EMA_SAR_20_200,SHORT,2026-03-20T10:05,2135.89,2026-03-20T11:25,2152.49,16,1.33,9312.16,-72.35,-0.78,9239.81,Signal Flip
211,5M_EMA_SAR_20_200,LONG,2026-03-20T11:25,2152.49,2026-03-20T11:40,2136.84,3,0.25,9239.81,-67.16,-0.73,9172.65,Signal Flip
212,5M_EMA_SAR_20_200,SHORT,2026-03-20T11:40,2136.84,2026-03-20T21:40,2152.28,120,10.0,9172.65,-66.25,-0.72,9106.4,Signal Flip
213,5M_EMA_SAR_20_200,LONG,2026-03-20T21:40,2152.28,2026-03-21T16:35,2149.43,227,18.92,9106.4,-12.02,-0.13,9094.38,Signal Flip
214,5M_EMA_SAR_20_200,SHORT,2026-03-21T16:35,2149.43,2026-03-21T20:40,2156.2,49,4.08,9094.38,-28.61,-0.31,9065.76,Signal Flip
215,5M_EMA_SAR_20_200,LONG,2026-03-21T20:40,2156.2,2026-03-21T22:45,2150.49,25,2.08,9065.76,-23.98,-0.26,9041.78,Signal Flip
216,5M_EMA_SAR_20_200,SHORT,2026-03-21T22:45,2150.49,2026-03-23T11:15,2170.36,438,36.5,9041.78,-83.55,-0.92,8958.24,Signal Flip
217,5M_EMA_SAR_20_200,LONG,2026-03-23T11:15,2170.36,2026-03-24T05:25,2129.55,218,18.17,8958.24,-168.44,-1.88,8789.79,Signal Flip
218,5M_EMA_SAR_20_200,SHORT,2026-03-24T05:25,2129.55,2026-03-24T06:35,2142.39,14,1.17,8789.79,-52.98,-0.6,8736.81,Signal Flip
219,5M_EMA_SAR_20_200,LONG,2026-03-24T06:35,2142.39,2026-03-24T14:15,2129.7,92,7.67,8736.81,-51.73,-0.59,8685.08,Signal Flip
220,5M_EMA_SAR_20_200,SHORT,2026-03-24T14:15,2129.7,2026-03-24T21:10,2146.01,83,6.92,8685.08,-66.5,-0.77,8618.57,Signal Flip
221,5M_EMA_SAR_20_200,LONG,2026-03-24T21:10,2146.01,2026-03-25T15:45,2160.89,223,18.58,8618.57,59.75,0.69,8678.32,Signal Flip
222,5M_EMA_SAR_20_200,SHORT,2026-03-25T15:45,2160.89,2026-03-25T16:45,2179.03,12,1.0,8678.32,-72.85,-0.84,8605.47,Signal Flip
223,5M_EMA_SAR_20_200,LONG,2026-03-25T16:45,2179.03,2026-03-25T17:40,2163.15,11,0.92,8605.47,-62.72,-0.73,8542.75,Signal Flip
224,5M_EMA_SAR_20_200,SHORT,2026-03-25T17:40,2163.15,2026-03-25T19:45,2172.83,25,2.08,8542.75,-38.22,-0.45,8504.53,Signal Flip
225,5M_EMA_SAR_20_200,LONG,2026-03-25T19:45,2172.83,2026-03-25T20:15,2164.88,6,0.5,8504.53,-31.11,-0.37,8473.42,Signal Flip
226,5M_EMA_SAR_20_200,SHORT,2026-03-25T20:15,2164.88,2026-03-25T23:00,2175.63,33,2.75,8473.42,-42.08,-0.5,8431.34,Signal Flip
227,5M_EMA_SAR_20_200,LONG,2026-03-25T23:00,2175.63,2026-03-26T00:20,2163.93,16,1.33,8431.34,-45.34,-0.54,8386.0,Signal Flip
228,5M_EMA_SAR_20_200,SHORT,2026-03-26T00:20,2163.93,2026-03-28T06:40,2003.6,652,54.33,8386.0,621.32,7.41,9007.32,Signal Flip
229,5M_EMA_SAR_20_200,LONG,2026-03-28T06:40,2003.6,2026-03-28T10:45,1993.51,49,4.08,9007.32,-45.35,-0.5,8961.97,Signal Flip
230,5M_EMA_SAR_20_200,SHORT,2026-03-28T10:45,1993.51,2026-03-28T12:20,2002.66,19,1.58,8961.97,-41.13,-0.46,8920.84,Signal Flip
231,5M_EMA_SAR_20_200,LONG,2026-03-28T12:20,2002.66,2026-03-28T23:00,2010.87,128,10.67,8920.84,36.59,0.41,8957.43,Signal Flip
232,5M_EMA_SAR_20_200,SHORT,2026-03-28T23:00,2010.87,2026-03-29T03:40,2013.51,56,4.67,8957.43,-11.73,-0.13,8945.7,Signal Flip
233,5M_EMA_SAR_20_200,LONG,2026-03-29T03:40,2013.51,2026-03-29T04:40,2004.3,12,1.0,8945.7,-40.91,-0.46,8904.79,Signal Flip
234,5M_EMA_SAR_20_200,SHORT,2026-03-29T04:40,2004.3,2026-03-29T20:40,2004.28,192,16.0,8904.79,0.07,0.0,8904.86,Signal Flip
235,5M_EMA_SAR_20_200,LONG,2026-03-29T20:40,2004.28,2026-03-29T22:30,1993.65,22,1.83,8904.86,-47.22,-0.53,8857.64,Signal Flip
236,5M_EMA_SAR_20_200,SHORT,2026-03-29T22:30,1993.65,2026-03-30T01:20,2007.18,34,2.83,8857.64,-60.11,-0.68,8797.52,Signal Flip
237,5M_EMA_SAR_20_200,LONG,2026-03-30T01:20,2007.18,2026-03-30T18:15,2039.06,203,16.92,8797.52,139.72,1.59,8937.24,Signal Flip
238,5M_EMA_SAR_20_200,SHORT,2026-03-30T18:15,2039.06,2026-03-31T01:35,2088.84,88,7.33,8937.24,-218.2,-2.44,8719.03,Signal Flip
239,5M_EMA_SAR_20_200,LONG,2026-03-31T01:35,2088.84,2026-03-31T08:55,2041.28,88,7.33,8719.03,-198.54,-2.28,8520.49,Signal Flip
240,5M_EMA_SAR_20_200,SHORT,2026-03-31T08:55,2041.28,2026-03-31T13:10,2057.91,51,4.25,8520.49,-69.41,-0.81,8451.08,Signal Flip
241,5M_EMA_SAR_20_200,LONG,2026-03-31T13:10,2057.91,2026-04-02T01:35,2101.56,437,36.42,8451.08,179.26,2.12,8630.34,Signal Flip
242,5M_EMA_SAR_20_200,SHORT,2026-04-02T01:35,2101.56,2026-04-02T17:25,2070.29,190,15.83,8630.34,128.39,1.49,8758.73,Signal Flip
243,5M_EMA_SAR_20_200,LONG,2026-04-02T17:25,2070.29,2026-04-02T17:50,2049.56,5,0.42,8758.73,-87.7,-1.0,8671.02,Signal Flip
244,5M_EMA_SAR_20_200,SHORT,2026-04-02T17:50,2049.56,2026-04-02T20:20,2071.58,30,2.5,8671.02,-93.12,-1.07,8577.9,Signal Flip
245,5M_EMA_SAR_20_200,LONG,2026-04-02T20:20,2071.58,2026-04-02T23:05,2058.92,33,2.75,8577.9,-52.4,-0.61,8525.5,Signal Flip
246,5M_EMA_SAR_20_200,SHORT,2026-04-02T23:05,2058.92,2026-04-03T06:30,2060.82,89,7.42,8525.5,-7.87,-0.09,8517.64,Signal Flip
247,5M_EMA_SAR_20_200,LONG,2026-04-03T06:30,2060.82,2026-04-03T10:45,2055.76,51,4.25,8517.64,-20.91,-0.25,8496.73,Signal Flip
248,5M_EMA_SAR_20_200,SHORT,2026-04-03T10:45,2055.76,2026-04-03T11:05,2061.37,4,0.33,8496.73,-23.18,-0.27,8473.55,Signal Flip
249,5M_EMA_SAR_20_200,LONG,2026-04-03T11:05,2061.37,2026-04-03T11:10,2057.68,1,0.08,8473.55,-15.17,-0.18,8458.38,Signal Flip
250,5M_EMA_SAR_20_200,SHORT,2026-04-03T11:10,2057.68,2026-04-03T11:25,2061.64,3,0.25,8458.38,-16.28,-0.19,8442.1,Signal Flip
251,5M_EMA_SAR_20_200,LONG,2026-04-03T11:25,2061.64,2026-04-03T12:55,2049.77,18,1.5,8442.1,-48.59,-0.58,8393.52,Signal Flip
252,5M_EMA_SAR_20_200,SHORT,2026-04-03T12:55,2049.77,2026-04-03T21:35,2058.97,104,8.67,8393.52,-37.65,-0.45,8355.87,Signal Flip
253,5M_EMA_SAR_20_200,LONG,2026-04-03T21:35,2058.97,2026-04-03T23:00,2050.77,17,1.42,8355.87,-33.26,-0.4,8322.61,Signal Flip
254,5M_EMA_SAR_20_200,SHORT,2026-04-03T23:00,2050.77,2026-04-04T06:20,2056.47,88,7.33,8322.61,-23.11,-0.28,8299.5,Signal Flip
255,5M_EMA_SAR_20_200,LONG,2026-04-04T06:20,2056.47,2026-04-04T09:00,2049.54,32,2.67,8299.5,-27.94,-0.34,8271.56,Signal Flip
256,5M_EMA_SAR_20_200,SHORT,2026-04-04T09:00,2049.54,2026-04-04T15:10,2057.34,74,6.17,8271.56,-31.45,-0.38,8240.11,Signal Flip
257,5M_EMA_SAR_20_200,LONG,2026-04-04T15:10,2057.34,2026-04-05T02:10,2054.09,132,11.0,8240.11,-13.0,-0.16,8227.11,Signal Flip
258,5M_EMA_SAR_20_200,SHORT,2026-04-05T02:10,2054.09,2026-04-05T15:50,2057.66,164,13.67,8227.11,-14.28,-0.17,8212.83,Signal Flip
259,5M_EMA_SAR_20_200,LONG,2026-04-05T15:50,2057.66,2026-04-06T22:45,2128.24,371,30.92,8212.83,281.7,3.43,8494.53,Signal Flip
260,5M_EMA_SAR_20_200,SHORT,2026-04-06T22:45,2128.24,2026-04-07T09:30,2126.45,129,10.75,8494.53,7.12,0.08,8501.64,Signal Flip
261,5M_EMA_SAR_20_200,LONG,2026-04-07T09:30,2126.45,2026-04-07T10:40,2099.44,14,1.17,8501.64,-108.0,-1.27,8393.64,Signal Flip
262,5M_EMA_SAR_20_200,SHORT,2026-04-07T10:40,2099.44,2026-04-07T20:00,2114.45,112,9.33,8393.64,-60.0,-0.71,8333.64,Signal Flip
263,5M_EMA_SAR_20_200,LONG,2026-04-07T20:00,2114.45,2026-04-08T15:00,2194.13,228,19.0,8333.64,314.06,3.77,8647.71,Signal Flip
264,5M_EMA_SAR_20_200,SHORT,2026-04-08T15:00,2194.13,2026-04-08T17:50,2234.62,34,2.83,8647.71,-159.56,-1.85,8488.15,Signal Flip
265,5M_EMA_SAR_20_200,LONG,2026-04-08T17:50,2234.62,2026-04-08T18:40,2212.54,10,0.83,8488.15,-83.85,-0.99,8404.3,Signal Flip
266,5M_EMA_SAR_20_200,SHORT,2026-04-08T18:40,2212.54,2026-04-09T15:50,2216.0,254,21.17,8404.3,-13.12,-0.16,8391.18,Signal Flip
267,5M_EMA_SAR_20_200,LONG,2026-04-09T15:50,2216.0,2026-04-09T23:45,2188.01,95,7.92,8391.18,-106.0,-1.26,8285.19,Signal Flip
268,5M_EMA_SAR_20_200,SHORT,2026-04-09T23:45,2188.01,2026-04-10T11:05,2202.17,136,11.33,8285.19,-53.64,-0.65,8231.55,Signal Flip
269,5M_EMA_SAR_20_200,LONG,2026-04-10T11:05,2202.17,2026-04-11T06:05,2230.89,228,19.0,8231.55,107.37,1.3,8338.91,Signal Flip
270,5M_EMA_SAR_20_200,SHORT,2026-04-11T06:05,2230.89,2026-04-11T09:25,2247.1,40,3.33,8338.91,-60.59,-0.73,8278.33,Signal Flip
271,5M_EMA_SAR_20_200,LONG,2026-04-11T09:25,2247.1,2026-04-12T01:50,2211.56,197,16.42,8278.33,-130.93,-1.58,8147.4,Signal Flip
272,5M_EMA_SAR_20_200,SHORT,2026-04-12T01:50,2211.56,2026-04-13T13:55,2204.93,433,36.08,8147.4,24.43,0.3,8171.83,Signal Flip
273,5M_EMA_SAR_20_200,LONG,2026-04-13T13:55,2204.93,2026-04-14T17:00,2332.83,325,27.08,8171.83,474.02,5.8,8645.85,Signal Flip
274,5M_EMA_SAR_20_200,SHORT,2026-04-14T17:00,2332.83,2026-04-15T12:05,2337.36,229,19.08,8645.85,-16.77,-0.19,8629.08,Signal Flip
275,5M_EMA_SAR_20_200,LONG,2026-04-15T12:05,2337.36,2026-04-15T14:10,2324.06,25,2.08,8629.08,-49.1,-0.57,8579.98,Signal Flip
276,5M_EMA_SAR_20_200,SHORT,2026-04-15T14:10,2324.06,2026-04-15T14:15,2334.22,1,0.08,8579.98,-37.51,-0.44,8542.47,Signal Flip
277,5M_EMA_SAR_20_200,LONG,2026-04-15T14:15,2334.22,2026-04-16T07:55,2335.93,212,17.67,8542.47,6.28,0.07,8548.75,Signal Flip
278,5M_EMA_SAR_20_200,SHORT,2026-04-16T07:55,2335.93,2026-04-16T19:35,2346.88,140,11.67,8548.75,-40.08,-0.47,8508.67,Signal Flip
279,5M_EMA_SAR_20_200,LONG,2026-04-16T19:35,2346.88,2026-04-17T01:45,2331.52,74,6.17,8508.67,-55.69,-0.65,8452.98,Signal Flip
280,5M_EMA_SAR_20_200,SHORT,2026-04-17T01:45,2331.52,2026-04-17T08:30,2341.65,81,6.75,8452.98,-36.71,-0.43,8416.27,Signal Flip
281,5M_EMA_SAR_20_200,LONG,2026-04-17T08:30,2341.65,2026-04-18T04:35,2401.35,241,20.08,8416.27,214.57,2.55,8630.84,Signal Flip
282,5M_EMA_SAR_20_200,SHORT,2026-04-18T04:35,2401.35,2026-04-19T13:45,2343.35,398,33.17,8630.84,208.45,2.42,8839.29,Signal Flip
283,5M_EMA_SAR_20_200,LONG,2026-04-19T13:45,2343.35,2026-04-19T14:20,2332.71,7,0.58,8839.29,-40.13,-0.45,8799.16,Signal Flip
284,5M_EMA_SAR_20_200,SHORT,2026-04-19T14:20,2332.71,2026-04-19T14:30,2340.16,2,0.17,8799.16,-28.09,-0.32,8771.07,Signal Flip
285,5M_EMA_SAR_20_200,LONG,2026-04-19T14:30,2340.16,2026-04-19T15:40,2323.38,14,1.17,8771.07,-62.9,-0.72,8708.17,Signal Flip
286,5M_EMA_SAR_20_200,SHORT,2026-04-19T15:40,2323.38,2026-04-20T07:40,2300.77,192,16.0,8708.17,84.74,0.97,8792.91,Signal Flip
287,5M_EMA_SAR_20_200,LONG,2026-04-20T07:40,2300.77,2026-04-21T02:40,2309.27,228,19.0,8792.91,32.5,0.37,8825.41,Signal Flip
288,5M_EMA_SAR_20_200,SHORT,2026-04-21T02:40,2309.27,2026-04-21T05:35,2316.74,35,2.92,8825.41,-28.52,-0.32,8796.89,Signal Flip
289,5M_EMA_SAR_20_200,LONG,2026-04-21T05:35,2316.74,2026-04-21T06:10,2309.5,7,0.58,8796.89,-27.46,-0.31,8769.43,Signal Flip
290,5M_EMA_SAR_20_200,SHORT,2026-04-21T06:10,2309.5,2026-04-21T06:40,2321.4,6,0.5,8769.43,-45.17,-0.52,8724.26,Signal Flip
291,5M_EMA_SAR_20_200,LONG,2026-04-21T06:40,2321.4,2026-04-21T12:50,2297.21,74,6.17,8724.26,-90.91,-1.04,8633.35,Signal Flip
292,5M_EMA_SAR_20_200,SHORT,2026-04-21T12:50,2297.21,2026-04-21T19:35,2316.87,81,6.75,8633.35,-73.87,-0.86,8559.48,Signal Flip
293,5M_EMA_SAR_20_200,LONG,2026-04-21T19:35,2316.87,2026-04-21T19:40,2301.7,1,0.08,8559.48,-56.04,-0.65,8503.43,Signal Flip
294,5M_EMA_SAR_20_200,SHORT,2026-04-21T19:40,2301.7,2026-04-21T20:40,2321.51,12,1.0,8503.43,-73.19,-0.86,8430.24,Signal Flip
295,5M_EMA_SAR_20_200,LONG,2026-04-21T20:40,2321.51,2026-04-21T22:20,2306.13,20,1.67,8430.24,-55.86,-0.66,8374.38,Signal Flip
296,5M_EMA_SAR_20_200,SHORT,2026-04-21T22:20,2306.13,2026-04-21T23:20,2320.24,12,1.0,8374.38,-51.25,-0.61,8323.13,Signal Flip
297,5M_EMA_SAR_20_200,LONG,2026-04-21T23:20,2320.24,2026-04-22T23:50,2378.28,294,24.5,8323.13,208.2,2.5,8531.33,Signal Flip
298,5M_EMA_SAR_20_200,SHORT,2026-04-22T23:50,2378.28,2026-04-23T22:55,2335.78,277,23.08,8531.33,152.47,1.79,8683.8,Signal Flip
299,5M_EMA_SAR_20_200,LONG,2026-04-23T22:55,2335.78,2026-04-23T23:15,2326.15,4,0.33,8683.8,-35.81,-0.41,8647.99,Signal Flip
300,5M_EMA_SAR_20_200,SHORT,2026-04-23T23:15,2326.15,2026-04-24T00:20,2334.55,13,1.08,8647.99,-31.23,-0.36,8616.76,Signal Flip
301,5M_EMA_SAR_20_200,LONG,2026-04-24T00:20,2334.55,2026-04-24T01:20,2322.23,12,1.0,8616.76,-45.47,-0.53,8571.29,Signal Flip
302,5M_EMA_SAR_20_200,SHORT,2026-04-24T01:20,2322.23,2026-04-24T11:30,2332.76,122,10.17,8571.29,-38.86,-0.45,8532.44,Signal Flip
303,5M_EMA_SAR_20_200,LONG,2026-04-24T11:30,2332.76,2026-04-24T14:15,2309.97,33,2.75,8532.44,-83.33,-0.98,8449.11,Signal Flip
304,5M_EMA_SAR_20_200,SHORT,2026-04-24T14:15,2309.97,2026-04-24T19:20,2323.36,61,5.08,8449.11,-48.96,-0.58,8400.15,Signal Flip
305,5M_EMA_SAR_20_200,LONG,2026-04-24T19:20,2323.36,2026-04-24T22:00,2314.03,32,2.67,8400.15,-33.73,-0.4,8366.42,Signal Flip
306,5M_EMA_SAR_20_200,SHORT,2026-04-24T22:00,2314.03,2026-04-25T03:05,2320.1,61,5.08,8366.42,-21.94,-0.26,8344.48,Signal Flip
307,5M_EMA_SAR_20_200,LONG,2026-04-25T03:05,2320.1,2026-04-25T03:40,2315.75,7,0.58,8344.48,-15.64,-0.19,8328.85,Signal Flip
308,5M_EMA_SAR_20_200,SHORT,2026-04-25T03:40,2315.75,2026-04-25T03:45,2319.27,1,0.08,8328.85,-12.65,-0.15,8316.19,Signal Flip
309,5M_EMA_SAR_20_200,LONG,2026-04-25T03:45,2319.27,2026-04-25T05:05,2312.14,16,1.33,8316.19,-25.55,-0.31,8290.64,Signal Flip
310,5M_EMA_SAR_20_200,SHORT,2026-04-25T05:05,2312.14,2026-04-25T08:35,2320.42,42,3.5,8290.64,-29.68,-0.36,8260.97,Signal Flip
311,5M_EMA_SAR_20_200,LONG,2026-04-25T08:35,2320.42,2026-04-25T11:45,2311.85,38,3.17,8260.97,-30.5,-0.37,8230.47,Signal Flip
312,5M_EMA_SAR_20_200,SHORT,2026-04-25T11:45,2311.85,2026-04-25T22:05,2317.8,124,10.33,8230.47,-21.16,-0.26,8209.31,Signal Flip
313,5M_EMA_SAR_20_200,LONG,2026-04-25T22:05,2317.8,2026-04-26T03:35,2309.66,66,5.5,8209.31,-28.81,-0.35,8180.5,Signal Flip
314,5M_EMA_SAR_20_200,SHORT,2026-04-26T03:35,2309.66,2026-04-26T05:15,2329.49,20,1.67,8180.5,-70.23,-0.86,8110.27,Signal Flip
315,5M_EMA_SAR_20_200,LONG,2026-04-26T05:15,2329.49,2026-04-27T05:40,2328.72,293,24.42,8110.27,-2.71,-0.03,8107.55,Signal Flip
316,5M_EMA_SAR_20_200,SHORT,2026-04-27T05:40,2328.72,2026-04-28T17:50,2292.7,434,36.17,8107.55,125.4,1.55,8232.96,Signal Flip
317,5M_EMA_SAR_20_200,LONG,2026-04-28T17:50,2292.7,2026-04-29T01:25,2281.31,91,7.58,8232.96,-40.89,-0.5,8192.07,Signal Flip
318,5M_EMA_SAR_20_200,SHORT,2026-04-29T01:25,2281.31,2026-04-29T02:00,2293.6,7,0.58,8192.07,-44.12,-0.54,8147.94,Signal Flip
319,5M_EMA_SAR_20_200,LONG,2026-04-29T02:00,2293.6,2026-04-29T13:40,2295.84,140,11.67,8147.94,7.98,0.1,8155.92,Signal Flip
320,5M_EMA_SAR_20_200,SHORT,2026-04-29T13:40,2295.84,2026-04-30T09:45,2263.79,241,20.08,8155.92,113.86,1.4,8269.78,Signal Flip
321,5M_EMA_SAR_20_200,LONG,2026-04-30T09:45,2263.79,2026-04-30T17:05,2256.46,88,7.33,8269.78,-26.78,-0.32,8243.0,Signal Flip
322,5M_EMA_SAR_20_200,SHORT,2026-04-30T17:05,2256.46,2026-04-30T19:35,2266.93,30,2.5,8243.0,-38.25,-0.46,8204.74,Signal Flip
323,5M_EMA_SAR_20_200,LONG,2026-04-30T19:35,2266.93,2026-04-30T21:50,2256.31,27,2.25,8204.74,-38.44,-0.47,8166.3,Signal Flip
324,5M_EMA_SAR_20_200,SHORT,2026-04-30T21:50,2256.31,2026-05-01T01:10,2265.17,40,3.33,8166.3,-32.07,-0.39,8134.23,Signal Flip
325,5M_EMA_SAR_20_200,LONG,2026-05-01T01:10,2265.17,2026-05-01T21:20,2287.82,242,20.17,8134.23,81.31,1.0,8215.54,Signal Flip
326,5M_EMA_SAR_20_200,SHORT,2026-05-01T21:20,2287.82,2026-05-01T22:35,2296.68,15,1.25,8215.54,-31.82,-0.39,8183.72,Signal Flip
327,5M_EMA_SAR_20_200,LONG,2026-05-01T22:35,2296.68,2026-05-01T22:50,2290.44,3,0.25,8183.72,-22.21,-0.27,8161.51,Signal Flip
328,5M_EMA_SAR_20_200,SHORT,2026-05-01T22:50,2290.44,2026-05-02T00:45,2299.04,23,1.92,8161.51,-30.63,-0.38,8130.88,Signal Flip
329,5M_EMA_SAR_20_200,LONG,2026-05-02T00:45,2299.04,2026-05-03T01:45,2303.53,300,25.0,8130.88,15.87,0.2,8146.76,Signal Flip
330,5M_EMA_SAR_20_200,SHORT,2026-05-03T01:45,2303.53,2026-05-03T07:45,2311.5,72,6.0,8146.76,-28.18,-0.35,8118.58,Signal Flip
331,5M_EMA_SAR_20_200,LONG,2026-05-03T07:45,2311.5,2026-05-04T00:25,2310.22,200,16.67,8118.58,-4.46,-0.05,8114.12,Signal Flip
332,5M_EMA_SAR_20_200,SHORT,2026-05-04T00:25,2310.22,2026-05-04T02:00,2352.39,19,1.58,8114.12,-148.08,-1.82,7966.03,Signal Flip
333,5M_EMA_SAR_20_200,LONG,2026-05-04T02:00,2352.39,2026-05-04T10:25,2315.09,101,8.42,7966.03,-126.29,-1.59,7839.74,Signal Flip
334,5M_EMA_SAR_20_200,SHORT,2026-05-04T10:25,2315.09,2026-05-04T14:55,2379.33,54,4.5,7839.74,-217.53,-2.77,7622.21,Signal Flip
335,5M_EMA_SAR_20_200,LONG,2026-05-04T14:55,2379.33,2026-05-04T23:40,2345.78,105,8.75,7622.21,-107.49,-1.41,7514.73,Signal Flip
336,5M_EMA_SAR_20_200,SHORT,2026-05-04T23:40,2345.78,2026-05-05T01:10,2360.64,18,1.5,7514.73,-47.61,-0.63,7467.11,Signal Flip
337,5M_EMA_SAR_20_200,LONG,2026-05-05T01:10,2360.64,2026-05-05T16:55,2364.63,189,15.75,7467.11,12.61,0.17,7479.73,Signal Flip
338,5M_EMA_SAR_20_200,SHORT,2026-05-05T16:55,2364.63,2026-05-05T20:20,2381.73,41,3.42,7479.73,-54.1,-0.72,7425.63,Signal Flip
339,5M_EMA_SAR_20_200,LONG,2026-05-05T20:20,2381.73,2026-05-05T22:40,2360.61,28,2.33,7425.63,-65.85,-0.89,7359.78,Signal Flip
340,5M_EMA_SAR_20_200,SHORT,2026-05-05T22:40,2360.61,2026-05-06T03:45,2377.55,61,5.08,7359.78,-52.81,-0.72,7306.96,Signal Flip
341,5M_EMA_SAR_20_200,LONG,2026-05-06T03:45,2377.55,2026-05-06T05:05,2365.31,16,1.33,7306.96,-37.62,-0.51,7269.34,Signal Flip
342,5M_EMA_SAR_20_200,SHORT,2026-05-06T05:05,2365.31,2026-05-06T08:05,2376.77,36,3.0,7269.34,-35.22,-0.48,7234.12,Signal Flip
343,5M_EMA_SAR_20_200,LONG,2026-05-06T08:05,2376.77,2026-05-06T14:10,2357.6,73,6.08,7234.12,-58.34,-0.81,7175.78,Signal Flip
344,5M_EMA_SAR_20_200,SHORT,2026-05-06T14:10,2357.6,2026-05-08T11:25,2294.25,543,45.25,7175.78,192.83,2.69,7368.61,Signal Flip
345,5M_EMA_SAR_20_200,LONG,2026-05-08T11:25,2294.25,2026-05-08T13:15,2274.98,22,1.83,7368.61,-61.87,-0.84,7306.74,Signal Flip
346,5M_EMA_SAR_20_200,SHORT,2026-05-08T13:15,2274.98,2026-05-08T16:30,2291.16,39,3.25,7306.74,-51.94,-0.71,7254.79,Signal Flip
347,5M_EMA_SAR_20_200,LONG,2026-05-08T16:30,2291.16,2026-05-09T14:40,2305.58,266,22.17,7254.79,45.67,0.63,7300.46,Signal Flip
348,5M_EMA_SAR_20_200,SHORT,2026-05-09T14:40,2305.58,2026-05-09T16:00,2318.8,16,1.33,7300.46,-41.87,-0.57,7258.59,Signal Flip
349,5M_EMA_SAR_20_200,LONG,2026-05-09T16:00,2318.8,2026-05-10T11:15,2323.0,231,19.25,7258.59,13.14,0.18,7271.73,Signal Flip
350,5M_EMA_SAR_20_200,SHORT,2026-05-10T11:15,2323.0,2026-05-10T13:30,2330.63,27,2.25,7271.73,-23.91,-0.33,7247.83,Signal Flip
351,5M_EMA_SAR_20_200,LONG,2026-05-10T13:30,2330.63,2026-05-10T21:40,2329.31,98,8.17,7247.83,-4.1,-0.06,7243.72,Signal Flip
352,5M_EMA_SAR_20_200,SHORT,2026-05-10T21:40,2329.31,2026-05-10T22:20,2352.62,8,0.67,7243.72,-72.46,-1.0,7171.26,Signal Flip
353,5M_EMA_SAR_20_200,LONG,2026-05-10T22:20,2352.62,2026-05-11T03:15,2325.88,59,4.92,7171.26,-81.51,-1.14,7089.75,Signal Flip
354,5M_EMA_SAR_20_200,SHORT,2026-05-11T03:15,2325.88,2026-05-11T18:05,2341.34,178,14.83,7089.75,-47.14,-0.66,7042.62,Signal Flip
355,5M_EMA_SAR_20_200,LONG,2026-05-11T18:05,2341.34,2026-05-12T01:00,2332.37,83,6.92,7042.62,-26.97,-0.38,7015.65,Signal Flip
356,5M_EMA_SAR_20_200,SHORT,2026-05-12T01:00,2332.37,2026-05-13T01:45,2293.7,297,24.75,7015.65,116.34,1.66,7131.98,Signal Flip
357,5M_EMA_SAR_20_200,LONG,2026-05-13T01:45,2293.7,2026-05-13T12:45,2280.64,132,11.0,7131.98,-40.6,-0.57,7091.38,Signal Flip
358,5M_EMA_SAR_20_200,SHORT,2026-05-13T12:45,2280.64,2026-05-14T06:20,2273.29,211,17.58,7091.38,22.86,0.32,7114.25,Signal Flip
359,5M_EMA_SAR_20_200,LONG,2026-05-14T06:20,2273.29,2026-05-14T09:40,2253.94,40,3.33,7114.25,-60.54,-0.85,7053.71,Signal Flip
360,5M_EMA_SAR_20_200,SHORT,2026-05-14T09:40,2253.94,2026-05-14T14:50,2282.33,62,5.17,7053.71,-88.84,-1.26,6964.87,Signal Flip
361,5M_EMA_SAR_20_200,LONG,2026-05-14T14:50,2282.33,2026-05-15T02:00,2274.32,134,11.17,6964.87,-24.44,-0.35,6940.43,Signal Flip
362,5M_EMA_SAR_20_200,SHORT,2026-05-15T02:00,2274.32,2026-05-17T04:55,2189.34,611,50.92,6940.43,259.32,3.74,7199.76,Signal Flip
363,5M_EMA_SAR_20_200,LONG,2026-05-17T04:55,2189.34,2026-05-17T15:20,2184.18,125,10.42,7199.76,-16.99,-0.24,7182.77,Signal Flip
364,5M_EMA_SAR_20_200,SHORT,2026-05-17T15:20,2184.18,2026-05-17T19:35,2190.8,51,4.25,7182.77,-21.79,-0.3,7160.97,Signal Flip
365,5M_EMA_SAR_20_200,LONG,2026-05-17T19:35,2190.8,2026-05-17T22:30,2180.28,35,2.92,7160.97,-34.4,-0.48,7126.57,Signal Flip
366,5M_EMA_SAR_20_200,SHORT,2026-05-17T22:30,2180.28,2026-05-18T12:40,2153.28,170,14.17,7126.57,88.26,1.24,7214.83,Signal Flip
367,5M_EMA_SAR_20_200,LONG,2026-05-18T12:40,2153.28,2026-05-18T14:15,2123.38,19,1.58,7214.83,-100.18,-1.39,7114.65,Signal Flip
368,5M_EMA_SAR_20_200,SHORT,2026-05-18T14:15,2123.38,2026-05-18T21:30,2131.95,87,7.25,7114.65,-28.71,-0.4,7085.95,Signal Flip
369,5M_EMA_SAR_20_200,LONG,2026-05-18T21:30,2131.95,2026-05-19T09:40,2116.39,146,12.17,7085.95,-51.7,-0.73,7034.25,Signal Flip
370,5M_EMA_SAR_20_200,SHORT,2026-05-19T09:40,2116.39,2026-05-20T05:20,2125.27,236,19.67,7034.25,-29.52,-0.42,7004.73,Signal Flip
371,5M_EMA_SAR_20_200,LONG,2026-05-20T05:20,2125.27,2026-05-20T22:20,2117.83,204,17.0,7004.73,-24.53,-0.35,6980.2,Signal Flip
372,5M_EMA_SAR_20_200,SHORT,2026-05-20T22:20,2117.83,2026-05-21T00:35,2137.34,27,2.25,6980.2,-64.3,-0.92,6915.91,Signal Flip
373,5M_EMA_SAR_20_200,LONG,2026-05-21T00:35,2137.34,2026-05-21T06:55,2128.58,76,6.33,6915.91,-28.35,-0.41,6887.55,Signal Flip
374,5M_EMA_SAR_20_200,SHORT,2026-05-21T06:55,2128.58,2026-05-21T08:20,2142.65,17,1.42,6887.55,-45.55,-0.66,6842.01,Signal Flip
375,5M_EMA_SAR_20_200,LONG,2026-05-21T08:20,2142.65,2026-05-21T09:45,2127.73,17,1.42,6842.01,-47.66,-0.7,6794.35,Signal Flip
376,5M_EMA_SAR_20_200,SHORT,2026-05-21T09:45,2127.73,2026-05-21T16:05,2135.99,76,6.33,6794.35,-26.38,-0.39,6767.97,Signal Flip
377,5M_EMA_SAR_20_200,LONG,2026-05-21T16:05,2135.99,2026-05-22T00:45,2130.53,104,8.67,6767.97,-17.28,-0.26,6750.69,Signal Flip
378,5M_EMA_SAR_20_200,SHORT,2026-05-22T00:45,2130.53,2026-05-22T02:05,2139.84,16,1.33,6750.69,-29.48,-0.44,6721.2,Signal Flip
379,5M_EMA_SAR_20_200,LONG,2026-05-22T02:05,2139.84,2026-05-22T05:50,2132.11,45,3.75,6721.2,-24.27,-0.36,6696.94,Signal Flip
380,5M_EMA_SAR_20_200,SHORT,2026-05-22T05:50,2132.11,2026-05-22T12:50,2135.23,84,7.0,6696.94,-9.78,-0.15,6687.16,Signal Flip
381,5M_EMA_SAR_20_200,LONG,2026-05-22T12:50,2135.23,2026-05-22T14:05,2124.43,15,1.25,6687.16,-33.82,-0.51,6653.33,Signal Flip
382,5M_EMA_SAR_20_200,SHORT,2026-05-22T14:05,2124.43,2026-05-23T15:30,2062.61,305,25.42,6653.33,193.6,2.91,6846.93,Signal Flip
383,5M_EMA_SAR_20_200,LONG,2026-05-23T15:30,2062.61,2026-05-24T14:20,2084.81,274,22.83,6846.93,73.68,1.08,6920.61,Signal Flip
384,5M_EMA_SAR_20_200,SHORT,2026-05-24T14:20,2084.81,2026-05-25T00:45,2105.93,125,10.42,6920.61,-70.13,-1.01,6850.49,Signal Flip
385,5M_EMA_SAR_20_200,LONG,2026-05-25T00:45,2105.93,2026-05-25T02:45,2098.12,24,2.0,6850.49,-25.41,-0.37,6825.07,Signal Flip
386,5M_EMA_SAR_20_200,SHORT,2026-05-25T02:45,2098.12,2026-05-25T05:15,2110.95,30,2.5,6825.07,-41.75,-0.61,6783.32,Signal Flip
387,5M_EMA_SAR_20_200,LONG,2026-05-25T05:15,2110.95,2026-05-25T21:00,2107.59,189,15.75,6783.32,-10.83,-0.16,6772.5,Signal Flip
388,5M_EMA_SAR_20_200,SHORT,2026-05-25T21:00,2107.59,2026-05-26T10:35,2125.04,163,13.58,6772.5,-56.09,-0.83,6716.4,Signal Flip
389,5M_EMA_SAR_20_200,LONG,2026-05-26T10:35,2125.04,2026-05-26T15:40,2087.84,61,5.08,6716.4,-117.59,-1.75,6598.81,Signal Flip
390,5M_EMA_SAR_20_200,SHORT,2026-05-26T15:40,2087.84,2026-05-27T08:10,2086.8,198,16.5,6598.81,3.26,0.05,6602.07,Signal Flip
391,5M_EMA_SAR_20_200,LONG,2026-05-27T08:10,2086.8,2026-05-27T12:15,2075.38,49,4.08,6602.07,-36.13,-0.55,6565.94,Signal Flip
392,5M_EMA_SAR_20_200,SHORT,2026-05-27T12:15,2075.38,2026-05-27T12:25,2085.9,2,0.17,6565.94,-33.28,-0.51,6532.66,Signal Flip
393,5M_EMA_SAR_20_200,LONG,2026-05-27T12:25,2085.9,2026-05-27T13:10,2073.63,9,0.75,6532.66,-38.43,-0.59,6494.23,Signal Flip
394,5M_EMA_SAR_20_200,SHORT,2026-05-27T13:10,2073.63,2026-05-28T17:10,2016.56,336,28.0,6494.23,178.75,2.75,6672.98,Signal Flip
395,5M_EMA_SAR_20_200,LONG,2026-05-28T17:10,2016.56,2026-05-29T02:25,2003.39,111,9.25,6672.98,-43.58,-0.65,6629.4,Signal Flip
396,5M_EMA_SAR_20_200,SHORT,2026-05-29T02:25,2003.39,2026-05-29T05:45,2010.65,40,3.33,6629.4,-24.05,-0.36,6605.35,Signal Flip
397,5M_EMA_SAR_20_200,LONG,2026-05-29T05:45,2010.65,2026-05-29T09:00,2005.11,39,3.25,6605.35,-18.23,-0.28,6587.12,Signal Flip
398,5M_EMA_SAR_20_200,SHORT,2026-05-29T09:00,2005.11,2026-05-29T09:15,2014.3,3,0.25,6587.12,-30.19,-0.46,6556.93,Signal Flip
399,5M_EMA_SAR_20_200,LONG,2026-05-29T09:15,2014.3,2026-05-29T11:55,2004.18,32,2.67,6556.93,-32.94,-0.5,6523.99,Signal Flip
400,5M_EMA_SAR_20_200,SHORT,2026-05-29T11:55,2004.18,2026-05-29T15:35,2040.22,44,3.67,6523.99,-117.32,-1.8,6406.67,Signal Flip
401,5M_EMA_SAR_20_200,LONG,2026-05-29T15:35,2040.22,2026-05-29T22:00,2008.41,77,6.42,6406.67,-99.9,-1.56,6306.77,Signal Flip
402,5M_EMA_SAR_20_200,SHORT,2026-05-29T22:00,2008.41,2026-05-30T01:20,2020.13,40,3.33,6306.77,-36.82,-0.58,6269.95,Signal Flip
403,5M_EMA_SAR_20_200,LONG,2026-05-30T01:20,2020.13,2026-05-30T04:30,2008.1,38,3.17,6269.95,-37.35,-0.6,6232.6,Signal Flip
404,5M_EMA_SAR_20_200,SHORT,2026-05-30T04:30,2008.1,2026-05-30T06:45,2020.27,27,2.25,6232.6,-37.79,-0.61,6194.81,Signal Flip
405,5M_EMA_SAR_20_200,LONG,2026-05-30T06:45,2020.27,2026-05-30T08:20,2012.91,19,1.58,6194.81,-22.56,-0.36,6172.26,Signal Flip
406,5M_EMA_SAR_20_200,SHORT,2026-05-30T08:20,2012.91,2026-05-30T09:50,2017.12,18,1.5,6172.26,-12.89,-0.21,6159.36,Signal Flip
407,5M_EMA_SAR_20_200,LONG,2026-05-30T09:50,2017.12,2026-05-30T23:45,2019.52,167,13.92,6159.36,7.33,0.12,6166.7,Signal Flip
408,5M_EMA_SAR_20_200,SHORT,2026-05-30T23:45,2019.52,2026-05-31T00:30,2026.21,9,0.75,6166.7,-20.44,-0.33,6146.26,Signal Flip
409,5M_EMA_SAR_20_200,LONG,2026-05-31T00:30,2026.21,2026-05-31T07:45,2022.38,87,7.25,6146.26,-11.63,-0.19,6134.63,Signal Flip
410,5M_EMA_SAR_20_200,SHORT,2026-05-31T07:45,2022.38,2026-06-01T00:55,2016.83,206,17.17,6134.63,16.84,0.27,6151.46,Signal Flip
411,5M_EMA_SAR_20_200,LONG,2026-06-01T00:55,2016.83,2026-06-01T01:10,2005.48,3,0.25,6151.46,-34.62,-0.56,6116.84,Signal Flip
412,5M_EMA_SAR_20_200,SHORT,2026-06-01T01:10,2005.48,2026-06-01T03:35,2016.59,29,2.42,6116.84,-33.89,-0.55,6082.95,Signal Flip
413,5M_EMA_SAR_20_200,LONG,2026-06-01T03:35,2016.59,2026-06-01T04:05,2007.74,6,0.5,6082.95,-26.7,-0.44,6056.25,Signal Flip
414,5M_EMA_SAR_20_200,SHORT,2026-06-01T04:05,2007.74,2026-06-01T18:35,1994.64,174,14.5,6056.25,39.51,0.65,6095.76,Signal Flip
415,5M_EMA_SAR_20_200,LONG,2026-06-01T18:35,1994.64,2026-06-02T01:55,1982.76,88,7.33,6095.76,-36.3,-0.6,6059.46,Signal Flip
416,5M_EMA_SAR_20_200,SHORT,2026-06-02T01:55,1982.76,2026-06-02T03:30,2002.08,19,1.58,6059.46,-59.05,-0.97,6000.41,Signal Flip
417,5M_EMA_SAR_20_200,LONG,2026-06-02T03:30,2002.08,2026-06-02T06:05,1985.46,31,2.58,6000.41,-49.82,-0.83,5950.59,Signal Flip
418,5M_EMA_SAR_20_200,SHORT,2026-06-02T06:05,1985.46,2026-06-07T00:15,1566.85,1370,114.17,5950.59,1254.59,21.08,7205.18,Signal Flip
419,5M_EMA_SAR_20_200,LONG,2026-06-07T00:15,1566.85,2026-06-09T00:50,1661.01,583,48.58,7205.18,432.98,6.01,7638.16,Signal Flip
420,5M_EMA_SAR_20_200,SHORT,2026-06-09T00:50,1661.01,2026-06-09T05:20,1690.53,54,4.5,7638.16,-135.77,-1.78,7502.38,Signal Flip
421,5M_EMA_SAR_20_200,LONG,2026-06-09T05:20,1690.53,2026-06-09T08:20,1672.99,36,3.0,7502.38,-77.85,-1.04,7424.53,Signal Flip
422,5M_EMA_SAR_20_200,SHORT,2026-06-09T08:20,1672.99,2026-06-10T13:40,1661.19,352,29.33,7424.53,52.38,0.71,7476.91,Signal Flip
423,5M_EMA_SAR_20_200,LONG,2026-06-10T13:40,1661.19,2026-06-10T17:50,1635.38,50,4.17,7476.91,-116.16,-1.55,7360.75,Signal Flip
424,5M_EMA_SAR_20_200,SHORT,2026-06-10T17:50,1635.38,2026-06-11T01:30,1641.36,92,7.67,7360.75,-26.91,-0.37,7333.84,Signal Flip
425,5M_EMA_SAR_20_200,LONG,2026-06-11T01:30,1641.36,2026-06-11T15:10,1643.48,164,13.67,7333.84,9.46,0.13,7343.3,Signal Flip
426,5M_EMA_SAR_20_200,SHORT,2026-06-11T15:10,1643.48,2026-06-11T17:45,1678.28,31,2.58,7343.3,-155.5,-2.12,7187.81,Signal Flip
427,5M_EMA_SAR_20_200,LONG,2026-06-11T17:45,1678.28,2026-06-12T06:20,1659.69,151,12.58,7187.81,-79.61,-1.11,7108.2,Signal Flip
428,5M_EMA_SAR_20_200,SHORT,2026-06-12T06:20,1659.69,2026-06-12T08:40,1674.72,28,2.33,7108.2,-64.36,-0.91,7043.84,Signal Flip
429,5M_EMA_SAR_20_200,LONG,2026-06-12T08:40,1674.72,2026-06-12T13:05,1665.08,53,4.42,7043.84,-40.55,-0.58,7003.29,Signal Flip
430,5M_EMA_SAR_20_200,SHORT,2026-06-12T13:05,1665.08,2026-06-12T15:00,1686.49,23,1.92,7003.29,-90.07,-1.29,6913.22,Signal Flip
431,5M_EMA_SAR_20_200,LONG,2026-06-12T15:00,1686.49,2026-06-12T18:10,1665.98,38,3.17,6913.22,-84.1,-1.22,6829.12,Signal Flip
432,5M_EMA_SAR_20_200,SHORT,2026-06-12T18:10,1665.98,2026-06-13T01:45,1673.59,91,7.58,6829.12,-31.19,-0.46,6797.92,Signal Flip
433,5M_EMA_SAR_20_200,LONG,2026-06-13T01:45,1673.59,2026-06-13T03:35,1664.1,22,1.83,6797.92,-38.54,-0.57,6759.38,Signal Flip
434,5M_EMA_SAR_20_200,SHORT,2026-06-13T03:35,1664.1,2026-06-13T07:15,1670.71,44,3.67,6759.38,-26.88,-0.4,6732.5,Signal Flip
435,5M_EMA_SAR_20_200,LONG,2026-06-13T07:15,1670.71,2026-06-14T05:20,1676.17,265,22.08,6732.5,21.99,0.33,6754.49,Signal Flip
436,5M_EMA_SAR_20_200,SHORT,2026-06-14T05:20,1676.17,2026-06-14T21:20,1688.23,192,16.0,6754.49,-48.61,-0.72,6705.88,Signal Flip
437,5M_EMA_SAR_20_200,LONG,2026-06-14T21:20,1688.23,2026-06-16T02:30,1772.54,350,29.17,6705.88,334.89,4.99,7040.77,Signal Flip
438,5M_EMA_SAR_20_200,SHORT,2026-06-16T02:30,1772.54,2026-06-16T08:55,1808.72,77,6.42,7040.77,-143.71,-2.04,6897.06,Signal Flip
439,5M_EMA_SAR_20_200,LONG,2026-06-16T08:55,1808.72,2026-06-16T14:55,1781.34,72,6.0,6897.06,-104.43,-1.51,6792.63,Signal Flip
440,5M_EMA_SAR_20_200,SHORT,2026-06-16T14:55,1781.34,2026-06-16T18:10,1804.83,39,3.25,6792.63,-89.58,-1.32,6703.05,Signal Flip
441,5M_EMA_SAR_20_200,LONG,2026-06-16T18:10,1804.83,2026-06-17T01:35,1783.11,89,7.42,6703.05,-80.68,-1.2,6622.37,Signal Flip
442,5M_EMA_SAR_20_200,SHORT,2026-06-17T01:35,1783.11,2026-06-17T01:55,1797.73,4,0.33,6622.37,-54.3,-0.82,6568.07,Signal Flip
443,5M_EMA_SAR_20_200,LONG,2026-06-17T01:55,1797.73,2026-06-17T06:50,1789.62,59,4.92,6568.07,-29.61,-0.45,6538.46,Signal Flip
444,5M_EMA_SAR_20_200,SHORT,2026-06-17T06:50,1789.62,2026-06-17T17:55,1791.19,133,11.08,6538.46,-5.7,-0.09,6532.76,Signal Flip
445,5M_EMA_SAR_20_200,LONG,2026-06-17T17:55,1791.19,2026-06-17T18:10,1766.05,3,0.25,6532.76,-91.68,-1.4,6441.07,Signal Flip
446,5M_EMA_SAR_20_200,SHORT,2026-06-17T18:10,1766.05,2026-06-18T13:25,1750.13,231,19.25,6441.07,58.03,0.9,6499.11,Signal Flip
447,5M_EMA_SAR_20_200,LONG,2026-06-18T13:25,1750.13,2026-06-18T13:35,1739.84,2,0.17,6499.11,-38.23,-0.59,6460.88,Signal Flip
448,5M_EMA_SAR_20_200,SHORT,2026-06-18T13:35,1739.84,2026-06-19T14:45,1705.72,302,25.17,6460.88,126.69,1.96,6587.57,Signal Flip
449,5M_EMA_SAR_20_200,LONG,2026-06-19T14:45,1705.72,2026-06-20T14:20,1711.54,283,23.58,6587.57,22.48,0.34,6610.05,Signal Flip
450,5M_EMA_SAR_20_200,SHORT,2026-06-20T14:20,1711.54,2026-06-20T14:50,1737.57,6,0.5,6610.05,-100.51,-1.52,6509.55,Signal Flip
451,5M_EMA_SAR_20_200,LONG,2026-06-20T14:50,1737.57,2026-06-21T08:20,1729.13,210,17.5,6509.55,-31.59,-0.49,6477.95,Signal Flip
452,5M_EMA_SAR_20_200,SHORT,2026-06-21T08:20,1729.13,2026-06-21T18:55,1736.85,127,10.58,6477.95,-28.9,-0.45,6449.06,Signal Flip
453,5M_EMA_SAR_20_200,LONG,2026-06-21T18:55,1736.85,2026-06-21T20:55,1719.81,24,2.0,6449.06,-63.26,-0.98,6385.79,Signal Flip
454,5M_EMA_SAR_20_200,SHORT,2026-06-21T20:55,1719.81,2026-06-22T01:30,1753.3,55,4.58,6385.79,-124.34,-1.95,6261.45,Signal Flip
455,5M_EMA_SAR_20_200,LONG,2026-06-22T01:30,1753.3,2026-06-22T16:40,1739.9,182,15.17,6261.45,-47.84,-0.76,6213.61,Signal Flip
456,5M_EMA_SAR_20_200,SHORT,2026-06-22T16:40,1739.9,2026-06-24T01:40,1678.22,396,33.0,6213.61,220.28,3.55,6433.89,Signal Flip
457,5M_EMA_SAR_20_200,LONG,2026-06-24T01:40,1678.22,2026-06-24T02:30,1666.97,10,0.83,6433.89,-43.14,-0.67,6390.75,Signal Flip
458,5M_EMA_SAR_20_200,SHORT,2026-06-24T02:30,1666.97,2026-06-24T05:40,1676.71,38,3.17,6390.75,-37.35,-0.58,6353.4,Signal Flip
459,5M_EMA_SAR_20_200,LONG,2026-06-24T05:40,1676.71,2026-06-24T09:40,1666.5,48,4.0,6353.4,-38.69,-0.61,6314.71,Signal Flip
460,5M_EMA_SAR_20_200,SHORT,2026-06-24T09:40,1666.5,2026-06-24T12:10,1680.34,30,2.5,6314.71,-52.46,-0.83,6262.25,Signal Flip
461,5M_EMA_SAR_20_200,LONG,2026-06-24T12:10,1680.34,2026-06-24T13:15,1654.78,13,1.08,6262.25,-95.25,-1.52,6167.0,Signal Flip
462,5M_EMA_SAR_20_200,SHORT,2026-06-24T13:15,1654.78,2026-06-25T05:05,1641.79,190,15.83,6167.0,48.42,0.79,6215.42,Signal Flip
463,5M_EMA_SAR_20_200,LONG,2026-06-25T05:05,1641.79,2026-06-25T11:55,1629.55,82,6.83,6215.42,-46.32,-0.75,6169.1,Signal Flip
464,5M_EMA_SAR_20_200,SHORT,2026-06-25T11:55,1629.55,2026-06-26T07:35,1581.39,236,19.67,6169.1,182.34,2.96,6351.44,Signal Flip
465,5M_EMA_SAR_20_200,LONG,2026-06-26T07:35,1581.39,2026-06-26T09:10,1560.59,19,1.58,6351.44,-83.54,-1.32,6267.89,Signal Flip
466,5M_EMA_SAR_20_200,SHORT,2026-06-26T09:10,1560.59,2026-06-26T15:20,1571.86,74,6.17,6267.89,-45.25,-0.72,6222.65,Signal Flip
467,5M_EMA_SAR_20_200,LONG,2026-06-26T15:20,1571.86,2026-06-27T19:50,1578.71,342,28.5,6222.65,27.14,0.44,6249.78,Signal Flip
468,5M_EMA_SAR_20_200,SHORT,2026-06-27T19:50,1578.71,2026-06-28T09:00,1582.37,158,13.17,6249.78,-14.49,-0.23,6235.29,Signal Flip
469,5M_EMA_SAR_20_200,LONG,2026-06-28T09:00,1582.37,2026-06-28T16:40,1569.25,92,7.67,6235.29,-51.68,-0.83,6183.61,Signal Flip
470,5M_EMA_SAR_20_200,SHORT,2026-06-28T16:40,1569.25,2026-06-29T03:10,1586.02,126,10.5,6183.61,-66.07,-1.07,6117.54,Signal Flip
471,5M_EMA_SAR_20_200,LONG,2026-06-29T03:10,1586.02,2026-06-29T11:45,1571.4,103,8.58,6117.54,-56.39,-0.92,6061.15,Signal Flip
472,5M_EMA_SAR_20_200,SHORT,2026-06-29T11:45,1571.4,2026-06-29T12:10,1585.8,5,0.42,6061.15,-55.54,-0.92,6005.61,Signal Flip
473,5M_EMA_SAR_20_200,LONG,2026-06-29T12:10,1585.8,2026-06-29T14:00,1571.95,22,1.83,6005.61,-52.45,-0.87,5953.16,Signal Flip
474,5M_EMA_SAR_20_200,SHORT,2026-06-29T14:00,1571.95,2026-06-29T16:15,1578.61,27,2.25,5953.16,-25.2,-0.42,5927.96,Signal Flip
475,5M_EMA_SAR_20_200,LONG,2026-06-29T16:15,1578.61,2026-06-30T01:35,1596.64,112,9.33,5927.96,67.71,1.14,5995.67,Signal Flip
476,5M_EMA_SAR_20_200,SHORT,2026-06-30T01:35,1596.64,2026-06-30T20:15,1582.36,224,18.67,5995.67,53.63,0.89,6049.3,Signal Flip
477,5M_EMA_SAR_20_200,LONG,2026-06-30T20:15,1582.36,2026-06-30T20:25,1576.12,2,0.17,6049.3,-23.85,-0.39,6025.45,Signal Flip
478,5M_EMA_SAR_20_200,SHORT,2026-06-30T20:25,1576.12,2026-06-30T23:55,1572.8,42,3.5,6025.45,12.71,0.21,6038.16,End of Period Settlement
