trade_id,strategy,timeframe,fast_ema,slow_ema,direction,entry_time,entry_price,exit_time,exit_price,duration_bars,duration_hours,invested_usd,realized_pnl_usd,realized_pnl_pct,portfolio_after,exit_reason
1,EMA_SAR_100_200_30m,30m,20,200,LONG,2026-01-02T01:00,3007.65,2026-01-08T15:00,3075.85,316,158.0,10000.0,226.75,2.27,10226.75,Signal Direction Flip
2,EMA_SAR_100_200_30m,30m,20,200,SHORT,2026-01-08T15:00,3075.85,2026-01-13T14:00,3144.0,238,119.0,10226.75,-226.59,-2.22,10000.16,Signal Direction Flip
3,EMA_SAR_100_200_30m,30m,20,200,LONG,2026-01-13T14:00,3144.0,2026-01-19T09:00,3212.26,278,139.0,10000.16,217.12,2.17,10217.28,Signal Direction Flip
4,EMA_SAR_100_200_30m,30m,20,200,SHORT,2026-01-19T09:00,3212.26,2026-01-28T03:00,3012.33,420,210.0,10217.28,635.94,6.22,10853.23,Signal Direction Flip
5,EMA_SAR_100_200_30m,30m,20,200,LONG,2026-01-28T03:00,3012.33,2026-01-29T16:30,2809.91,75,37.5,10853.23,-729.27,-6.72,10123.95,Signal Direction Flip
6,EMA_SAR_100_200_30m,30m,20,200,SHORT,2026-01-29T16:30,2809.91,2026-02-14T08:00,2058.23,751,375.5,10123.95,2708.28,26.75,12832.23,Signal Direction Flip
7,EMA_SAR_100_200_30m,30m,20,200,LONG,2026-02-14T08:00,2058.23,2026-02-16T01:00,1968.13,82,41.0,12832.23,-561.76,-4.38,12270.47,Signal Direction Flip
8,EMA_SAR_100_200_30m,30m,20,200,SHORT,2026-02-16T01:00,1968.13,2026-02-25T19:30,2068.68,469,234.5,12270.47,-626.94,-5.11,11643.53,Signal Direction Flip
9,EMA_SAR_100_200_30m,30m,20,200,LONG,2026-02-25T19:30,2068.68,2026-02-28T07:00,1841.54,119,59.5,11643.53,-1278.48,-10.98,10365.05,Signal Direction Flip
10,EMA_SAR_100_200_30m,30m,20,200,SHORT,2026-02-28T07:00,1841.54,2026-03-01T08:30,2008.25,51,25.5,10365.05,-938.35,-9.05,9426.7,Signal Direction Flip
11,EMA_SAR_100_200_30m,30m,20,200,LONG,2026-03-01T08:30,2008.25,2026-03-02T10:30,1951.43,52,26.0,9426.7,-266.71,-2.83,9159.99,Signal Direction Flip
12,EMA_SAR_100_200_30m,30m,20,200,SHORT,2026-03-02T10:30,1951.43,2026-03-02T16:00,2048.35,11,5.5,9159.99,-454.94,-4.97,8705.05,Signal Direction Flip
13,EMA_SAR_100_200_30m,30m,20,200,LONG,2026-03-02T16:00,2048.35,2026-03-07T03:00,1982.54,214,107.0,8705.05,-279.7,-3.21,8425.35,Signal Direction Flip
14,EMA_SAR_100_200_30m,30m,20,200,SHORT,2026-03-07T03:00,1982.54,2026-03-10T05:30,2044.85,149,74.5,8425.35,-264.82,-3.14,8160.53,Signal Direction Flip
15,EMA_SAR_100_200_30m,30m,20,200,LONG,2026-03-10T05:30,2044.85,2026-03-19T15:30,2111.37,452,226.0,8160.53,265.47,3.25,8426.0,Signal Direction Flip
16,EMA_SAR_100_200_30m,30m,20,200,SHORT,2026-03-19T15:30,2111.37,2026-03-25T03:00,2156.59,263,131.5,8426.0,-180.44,-2.14,8245.56,Signal Direction Flip
17,EMA_SAR_100_200_30m,30m,20,200,LONG,2026-03-25T03:00,2156.59,2026-03-26T12:30,2070.7,67,33.5,8245.56,-328.37,-3.98,7917.19,Signal Direction Flip
18,EMA_SAR_100_200_30m,30m,20,200,SHORT,2026-03-26T12:30,2070.7,2026-03-31T17:00,2092.75,249,124.5,7917.19,-84.27,-1.06,7832.92,Signal Direction Flip
19,EMA_SAR_100_200_30m,30m,20,200,LONG,2026-03-31T17:00,2092.75,2026-04-03T08:30,2064.97,127,63.5,7832.92,-103.97,-1.33,7728.95,Signal Direction Flip
20,EMA_SAR_100_200_30m,30m,20,200,SHORT,2026-04-03T08:30,2064.97,2026-04-06T02:00,2116.17,131,65.5,7728.95,-191.64,-2.48,7537.31,Signal Direction Flip
21,EMA_SAR_100_200_30m,30m,20,200,LONG,2026-04-06T02:00,2116.17,2026-04-19T20:30,2291.29,661,330.5,7537.31,623.76,8.28,8161.07,Signal Direction Flip
22,EMA_SAR_100_200_30m,30m,20,200,SHORT,2026-04-19T20:30,2291.29,2026-04-22T07:00,2394.58,117,58.5,8161.07,-367.87,-4.51,7793.2,Signal Direction Flip
23,EMA_SAR_100_200_30m,30m,20,200,LONG,2026-04-22T07:00,2394.58,2026-04-24T03:30,2309.69,89,44.5,7793.2,-276.25,-3.54,7516.95,Signal Direction Flip
24,EMA_SAR_100_200_30m,30m,20,200,SHORT,2026-04-24T03:30,2309.69,2026-04-26T20:00,2368.58,129,64.5,7516.95,-191.66,-2.55,7325.29,Signal Direction Flip
25,EMA_SAR_100_200_30m,30m,20,200,LONG,2026-04-26T20:00,2368.58,2026-04-27T17:00,2276.99,42,21.0,7325.29,-283.27,-3.87,7042.02,Signal Direction Flip
26,EMA_SAR_100_200_30m,30m,20,200,SHORT,2026-04-27T17:00,2276.99,2026-05-02T11:30,2305.85,229,114.5,7042.02,-89.26,-1.27,6952.76,Signal Direction Flip
27,EMA_SAR_100_200_30m,30m,20,200,LONG,2026-05-02T11:30,2305.85,2026-05-07T16:30,2296.2,250,125.0,6952.76,-29.1,-0.42,6923.66,Signal Direction Flip
28,EMA_SAR_100_200_30m,30m,20,200,SHORT,2026-05-07T16:30,2296.2,2026-05-10T17:30,2357.03,146,73.0,6923.66,-183.41,-2.65,6740.26,Signal Direction Flip
29,EMA_SAR_100_200_30m,30m,20,200,LONG,2026-05-10T17:30,2357.03,2026-05-12T08:30,2286.51,78,39.0,6740.26,-201.67,-2.99,6538.59,Signal Direction Flip
30,EMA_SAR_100_200_30m,30m,20,200,SHORT,2026-05-12T08:30,2286.51,2026-06-12T11:00,1675.69,1493,746.5,6538.59,1746.72,26.71,8285.31,Signal Direction Flip
31,EMA_SAR_100_200_30m,30m,20,200,LONG,2026-06-12T11:00,1675.69,2026-06-18T22:00,1707.54,310,155.0,8285.31,157.47,1.9,8442.78,Signal Direction Flip
32,EMA_SAR_100_200_30m,30m,20,200,SHORT,2026-06-18T22:00,1707.54,2026-06-22T05:30,1738.64,159,79.5,8442.78,-153.79,-1.82,8289.0,Signal Direction Flip
33,EMA_SAR_100_200_30m,30m,20,200,LONG,2026-06-22T05:30,1738.64,2026-06-23T08:00,1682.18,53,26.5,8289.0,-269.18,-3.25,8019.82,Signal Direction Flip
34,EMA_SAR_100_200_30m,30m,20,200,SHORT,2026-06-23T08:00,1682.18,2026-06-30T23:30,1572.8,367,183.5,8019.82,521.48,6.5,8541.3,End of 6-Month Period Settlement
