Logic,Fast_EMA,Slow_EMA,SL_Type,SL_Val,TP_Type,TP_Val,TSL_Type,TSL_Val,TTP_Act,TTP_Call,Re_Entry_Mode,Total_Return_Pct,Max_Drawdown_Pct,Sharpe,Calmar,Win_Rate_Pct,Profit_Factor,Total_Trades,Final_Equity,Risk_Archetype,Strategy_Label,Risk_Note
EMA_CROSS_SAR,209,223.0,PCT,0.0,PCT,0.0,PCT,0.0,0.0,0.0,WAIT_NEXT_FLIP,42.6,9.11,1.35,4.67,25.0,4.66,8,14259.94,NO_SL_NO_TP,Top Base SAR,Top Base SAR | Raw Signal Flip [WAIT_NEXT_FLIP]
EMA_CROSS_SAR,209,223.0,PCT,1.0,PCT,0.0,PCT,0.0,0.0,0.0,WAIT_NEXT_FLIP,11.05,13.04,0.62,0.85,7.1,1.99,14,11105.13,FIXED_SL_ONLY,Top Base SAR,Top Base SAR | Fixed SL 1.0% [WAIT_NEXT_FLIP]
EMA_CROSS_SAR,209,223.0,PCT,2.0,PCT,0.0,PCT,0.0,0.0,0.0,WAIT_NEXT_FLIP,-20.88,20.88,-4.15,-1.0,0.0,0.0,13,7912.42,FIXED_SL_ONLY,Top Base SAR,Top Base SAR | Fixed SL 2.0% [WAIT_NEXT_FLIP]
EMA_CROSS_SAR,209,223.0,PCT,3.0,PCT,0.0,PCT,0.0,0.0,0.0,WAIT_NEXT_FLIP,37.76,12.2,1.24,3.1,20.0,3.58,10,13776.07,FIXED_SL_ONLY,Top Base SAR,Top Base SAR | Fixed SL 3.0% [WAIT_NEXT_FLIP]
EMA_CROSS_SAR,209,223.0,PCT,5.0,PCT,0.0,PCT,0.0,0.0,0.0,WAIT_NEXT_FLIP,68.11,5.2,1.73,13.1,44.4,6.22,9,16811.34,FIXED_SL_ONLY,Top Base SAR,Top Base SAR | Fixed SL 5.0% [WAIT_NEXT_FLIP]
EMA_CROSS_SAR,209,223.0,PCT,7.5,PCT,0.0,PCT,0.0,0.0,0.0,WAIT_NEXT_FLIP,42.6,9.11,1.35,4.67,25.0,4.66,8,14259.94,FIXED_SL_ONLY,Top Base SAR,Top Base SAR | Fixed SL 7.5% [WAIT_NEXT_FLIP]
EMA_CROSS_SAR,209,223.0,PCT,10.0,PCT,0.0,PCT,0.0,0.0,0.0,WAIT_NEXT_FLIP,42.6,9.11,1.35,4.67,25.0,4.66,8,14259.94,FIXED_SL_ONLY,Top Base SAR,Top Base SAR | Fixed SL 10.0% [WAIT_NEXT_FLIP]
EMA_CROSS_SAR,209,223.0,PCT,15.0,PCT,0.0,PCT,0.0,0.0,0.0,WAIT_NEXT_FLIP,42.6,9.11,1.35,4.67,25.0,4.66,8,14259.94,FIXED_SL_ONLY,Top Base SAR,Top Base SAR | Fixed SL 15.0% [WAIT_NEXT_FLIP]
EMA_CROSS_SAR,209,223.0,PCT,20.0,PCT,0.0,PCT,0.0,0.0,0.0,WAIT_NEXT_FLIP,42.6,9.11,1.35,4.67,25.0,4.66,8,14259.94,FIXED_SL_ONLY,Top Base SAR,Top Base SAR | Fixed SL 20.0% [WAIT_NEXT_FLIP]
EMA_CROSS_SAR,209,223.0,PRICE,25.0,PCT,0.0,PCT,0.0,0.0,0.0,WAIT_NEXT_FLIP,8.74,14.85,0.52,0.59,0.0,0.0,0,10873.88,FIXED_SL_ONLY,Top Base SAR,Top Base SAR | Fixed SL $25 [WAIT_NEXT_FLIP]
EMA_CROSS_SAR,209,223.0,PRICE,50.0,PCT,0.0,PCT,0.0,0.0,0.0,WAIT_NEXT_FLIP,13.77,16.2,0.71,0.85,0.0,0.0,0,11377.1,FIXED_SL_ONLY,Top Base SAR,Top Base SAR | Fixed SL $50 [WAIT_NEXT_FLIP]
EMA_CROSS_SAR,209,223.0,PRICE,100.0,PCT,0.0,PCT,0.0,0.0,0.0,WAIT_NEXT_FLIP,50.11,5.05,1.5,9.92,0.0,0.0,0,15010.51,FIXED_SL_ONLY,Top Base SAR,Top Base SAR | Fixed SL $100 [WAIT_NEXT_FLIP]
EMA_CROSS_SAR,209,223.0,PRICE,200.0,PCT,0.0,PCT,0.0,0.0,0.0,WAIT_NEXT_FLIP,42.6,9.11,1.35,4.67,0.0,0.0,0,14259.94,FIXED_SL_ONLY,Top Base SAR,Top Base SAR | Fixed SL $200 [WAIT_NEXT_FLIP]
EMA_CROSS_SAR,209,223.0,PRICE,500.0,PCT,0.0,PCT,0.0,0.0,0.0,WAIT_NEXT_FLIP,42.6,9.11,1.35,4.67,0.0,0.0,0,14259.94,FIXED_SL_ONLY,Top Base SAR,Top Base SAR | Fixed SL $500 [WAIT_NEXT_FLIP]
EMA_CROSS_SAR,209,223.0,PCT,0.0,PCT,2.0,PCT,0.0,0.0,0.0,WAIT_NEXT_FLIP,8.48,4.84,1.49,1.75,66.7,2.4,12,10847.83,FIXED_TP_ONLY,Top Base SAR,Top Base SAR | Fixed TP 2.0% [WAIT_NEXT_FLIP]
EMA_CROSS_SAR,209,223.0,PCT,0.0,PCT,4.0,PCT,0.0,0.0,0.0,WAIT_NEXT_FLIP,16.54,4.84,1.88,3.42,54.5,3.29,11,11654.46,FIXED_TP_ONLY,Top Base SAR,Top Base SAR | Fixed TP 4.0% [WAIT_NEXT_FLIP]
EMA_CROSS_SAR,209,223.0,PCT,0.0,PCT,6.0,PCT,0.0,0.0,0.0,WAIT_NEXT_FLIP,11.51,9.11,1.1,1.26,40.0,2.03,10,11150.76,FIXED_TP_ONLY,Top Base SAR,Top Base SAR | Fixed TP 6.0% [WAIT_NEXT_FLIP]
EMA_CROSS_SAR,209,223.0,PCT,0.0,PCT,10.0,PCT,0.0,0.0,0.0,WAIT_NEXT_FLIP,29.35,9.11,1.68,3.22,40.0,3.43,10,12935.14,FIXED_TP_ONLY,Top Base SAR,Top Base SAR | Fixed TP 10.0% [WAIT_NEXT_FLIP]
EMA_CROSS_SAR,209,223.0,PCT,0.0,PCT,15.0,PCT,0.0,0.0,0.0,WAIT_NEXT_FLIP,66.67,9.11,2.23,7.31,50.0,6.18,10,16666.81,FIXED_TP_ONLY,Top Base SAR,Top Base SAR | Fixed TP 15.0% [WAIT_NEXT_FLIP]
EMA_CROSS_SAR,209,223.0,PCT,0.0,PCT,20.0,PCT,0.0,0.0,0.0,WAIT_NEXT_FLIP,52.1,4.87,1.93,10.7,55.6,8.32,9,15209.85,FIXED_TP_ONLY,Top Base SAR,Top Base SAR | Fixed TP 20.0% [WAIT_NEXT_FLIP]
EMA_CROSS_SAR,209,223.0,PCT,0.0,PCT,30.0,PCT,0.0,0.0,0.0,WAIT_NEXT_FLIP,78.55,4.87,1.9,16.13,55.6,11.51,9,17855.03,FIXED_TP_ONLY,Top Base SAR,Top Base SAR | Fixed TP 30.0% [WAIT_NEXT_FLIP]
EMA_CROSS_SAR,209,223.0,PCT,0.0,PCT,50.0,PCT,0.0,0.0,0.0,WAIT_NEXT_FLIP,42.6,9.11,1.35,4.67,25.0,4.66,8,14259.94,FIXED_TP_ONLY,Top Base SAR,Top Base SAR | Fixed TP 50.0% [WAIT_NEXT_FLIP]
EMA_CROSS_SAR,209,223.0,PCT,0.0,PCT,100.0,PCT,0.0,0.0,0.0,WAIT_NEXT_FLIP,42.6,9.11,1.35,4.67,25.0,4.66,8,14259.94,FIXED_TP_ONLY,Top Base SAR,Top Base SAR | Fixed TP 100.0% [WAIT_NEXT_FLIP]
EMA_CROSS_SAR,209,223.0,PCT,0.0,PRICE,50.0,PCT,0.0,0.0,0.0,WAIT_NEXT_FLIP,11.67,4.84,1.78,2.41,0.0,0.0,0,11167.32,FIXED_TP_ONLY,Top Base SAR,Top Base SAR | Fixed TP $50 [WAIT_NEXT_FLIP]
EMA_CROSS_SAR,209,223.0,PCT,0.0,PRICE,100.0,PCT,0.0,0.0,0.0,WAIT_NEXT_FLIP,20.89,4.84,2.04,4.31,0.0,0.0,0,12088.72,FIXED_TP_ONLY,Top Base SAR,Top Base SAR | Fixed TP $100 [WAIT_NEXT_FLIP]
EMA_CROSS_SAR,209,223.0,PCT,0.0,PRICE,200.0,PCT,0.0,0.0,0.0,WAIT_NEXT_FLIP,25.37,9.11,1.57,2.78,0.0,0.0,0,12536.81,FIXED_TP_ONLY,Top Base SAR,Top Base SAR | Fixed TP $200 [WAIT_NEXT_FLIP]
EMA_CROSS_SAR,209,223.0,PCT,0.0,PRICE,500.0,PCT,0.0,0.0,0.0,WAIT_NEXT_FLIP,55.81,4.87,1.88,11.46,0.0,0.0,0,15580.5,FIXED_TP_ONLY,Top Base SAR,Top Base SAR | Fixed TP $500 [WAIT_NEXT_FLIP]
EMA_CROSS_SAR,209,223.0,PCT,0.0,PRICE,1000.0,PCT,0.0,0.0,0.0,WAIT_NEXT_FLIP,80.28,4.87,1.89,16.48,0.0,0.0,0,18027.81,FIXED_TP_ONLY,Top Base SAR,Top Base SAR | Fixed TP $1000 [WAIT_NEXT_FLIP]
EMA_CROSS_SAR,209,223.0,PCT,0.0,PCT,0.0,PCT,1.0,0.0,0.0,WAIT_NEXT_FLIP,-1.31,3.28,-0.56,-0.4,35.7,0.73,14,9868.52,TRAILING_SL_ONLY,Top Base SAR,Top Base SAR | Trailing SL 1.0% [WAIT_NEXT_FLIP]
EMA_CROSS_SAR,209,223.0,PCT,0.0,PCT,0.0,PCT,2.0,0.0,0.0,WAIT_NEXT_FLIP,-2.42,5.98,-0.69,-0.4,50.0,0.69,14,9758.41,TRAILING_SL_ONLY,Top Base SAR,Top Base SAR | Trailing SL 2.0% [WAIT_NEXT_FLIP]
EMA_CROSS_SAR,209,223.0,PCT,0.0,PCT,0.0,PCT,3.0,0.0,0.0,WAIT_NEXT_FLIP,-8.86,10.26,-2.29,-0.86,15.4,0.2,13,9113.94,TRAILING_SL_ONLY,Top Base SAR,Top Base SAR | Trailing SL 3.0% [WAIT_NEXT_FLIP]
EMA_CROSS_SAR,209,223.0,PCT,0.0,PCT,0.0,PCT,5.0,0.0,0.0,WAIT_NEXT_FLIP,0.81,6.58,0.16,0.12,38.5,1.11,13,10080.88,TRAILING_SL_ONLY,Top Base SAR,Top Base SAR | Trailing SL 5.0% [WAIT_NEXT_FLIP]
EMA_CROSS_SAR,209,223.0,PCT,0.0,PCT,0.0,PCT,7.5,0.0,0.0,WAIT_NEXT_FLIP,28.05,4.84,1.2,5.79,27.3,3.91,11,12805.45,TRAILING_SL_ONLY,Top Base SAR,Top Base SAR | Trailing SL 7.5% [WAIT_NEXT_FLIP]
EMA_CROSS_SAR,209,223.0,PCT,0.0,PCT,0.0,PCT,10.0,0.0,0.0,WAIT_NEXT_FLIP,46.57,7.43,1.57,6.27,40.0,4.14,10,14657.34,TRAILING_SL_ONLY,Top Base SAR,Top Base SAR | Trailing SL 10.0% [WAIT_NEXT_FLIP]
EMA_CROSS_SAR,209,223.0,PCT,0.0,PCT,0.0,PCT,15.0,0.0,0.0,WAIT_NEXT_FLIP,97.48,10.46,1.98,9.32,40.0,7.43,10,19747.71,TRAILING_SL_ONLY,Top Base SAR,Top Base SAR | Trailing SL 15.0% [WAIT_NEXT_FLIP]
EMA_CROSS_SAR,209,223.0,PCT,0.0,PCT,0.0,PCT,0.0,5.0,1.0,WAIT_NEXT_FLIP,9.22,4.84,1.35,1.9,54.5,2.32,11,10921.83,TRAILING_TP_ONLY,Top Base SAR,"Top Base SAR | Trailing TP (Act 5.0%, Call 1.0%) [WAIT_NEXT_FLIP]"
EMA_CROSS_SAR,209,223.0,PCT,0.0,PCT,0.0,PCT,0.0,5.0,2.0,WAIT_NEXT_FLIP,9.21,4.84,1.35,1.9,54.5,2.32,11,10921.12,TRAILING_TP_ONLY,Top Base SAR,"Top Base SAR | Trailing TP (Act 5.0%, Call 2.0%) [WAIT_NEXT_FLIP]"
EMA_CROSS_SAR,209,223.0,PCT,0.0,PCT,0.0,PCT,0.0,10.0,2.0,WAIT_NEXT_FLIP,21.19,9.11,1.47,2.32,40.0,2.81,10,12118.89,TRAILING_TP_ONLY,Top Base SAR,"Top Base SAR | Trailing TP (Act 10.0%, Call 2.0%) [WAIT_NEXT_FLIP]"
EMA_CROSS_SAR,209,223.0,PCT,0.0,PCT,0.0,PCT,0.0,10.0,3.0,WAIT_NEXT_FLIP,23.39,9.11,1.5,2.57,40.0,2.99,10,12338.91,TRAILING_TP_ONLY,Top Base SAR,"Top Base SAR | Trailing TP (Act 10.0%, Call 3.0%) [WAIT_NEXT_FLIP]"
EMA_CROSS_SAR,209,223.0,PCT,0.0,PCT,0.0,PCT,0.0,15.0,3.0,WAIT_NEXT_FLIP,56.73,9.11,2.15,6.22,50.0,5.53,10,15672.57,TRAILING_TP_ONLY,Top Base SAR,"Top Base SAR | Trailing TP (Act 15.0%, Call 3.0%) [WAIT_NEXT_FLIP]"
EMA_CROSS_SAR,209,223.0,PCT,0.0,PCT,0.0,PCT,0.0,20.0,5.0,WAIT_NEXT_FLIP,44.41,4.87,1.93,9.12,55.6,7.34,9,14441.16,TRAILING_TP_ONLY,Top Base SAR,"Top Base SAR | Trailing TP (Act 20.0%, Call 5.0%) [WAIT_NEXT_FLIP]"
EMA_CROSS_SAR,209,223.0,PCT,0.0,PCT,0.0,PCT,0.0,30.0,5.0,WAIT_NEXT_FLIP,71.53,4.87,1.91,14.69,55.6,10.69,9,17152.68,TRAILING_TP_ONLY,Top Base SAR,"Top Base SAR | Trailing TP (Act 30.0%, Call 5.0%) [WAIT_NEXT_FLIP]"
EMA_CROSS_SAR,209,223.0,PCT,3.0,PCT,10.0,PCT,0.0,0.0,0.0,WAIT_NEXT_FLIP,10.17,15.01,0.77,0.68,25.0,1.62,12,11016.71,FIXED_SL_AND_TP,Top Base SAR,Top Base SAR | Fixed SL 3.0% + TP 10.0% [WAIT_NEXT_FLIP]
EMA_CROSS_SAR,209,223.0,PCT,3.0,PCT,20.0,PCT,0.0,0.0,0.0,WAIT_NEXT_FLIP,54.29,15.01,1.72,3.62,33.3,3.82,12,15429.02,FIXED_SL_AND_TP,Top Base SAR,Top Base SAR | Fixed SL 3.0% + TP 20.0% [WAIT_NEXT_FLIP]
EMA_CROSS_SAR,209,223.0,PCT,3.0,PCT,30.0,PCT,0.0,0.0,0.0,WAIT_NEXT_FLIP,96.24,15.01,1.88,6.41,33.3,5.54,12,19624.2,FIXED_SL_AND_TP,Top Base SAR,Top Base SAR | Fixed SL 3.0% + TP 30.0% [WAIT_NEXT_FLIP]
EMA_CROSS_SAR,209,223.0,PCT,5.0,PCT,10.0,PCT,0.0,0.0,0.0,WAIT_NEXT_FLIP,5.06,11.01,0.43,0.46,27.3,1.3,11,10505.52,FIXED_SL_AND_TP,Top Base SAR,Top Base SAR | Fixed SL 5.0% + TP 10.0% [WAIT_NEXT_FLIP]
EMA_CROSS_SAR,209,223.0,PCT,5.0,PCT,20.0,PCT,0.0,0.0,0.0,WAIT_NEXT_FLIP,36.56,10.13,1.44,3.61,40.0,3.12,10,13655.98,FIXED_SL_AND_TP,Top Base SAR,Top Base SAR | Fixed SL 5.0% + TP 20.0% [WAIT_NEXT_FLIP]
EMA_CROSS_SAR,209,223.0,PCT,5.0,PCT,30.0,PCT,0.0,0.0,0.0,WAIT_NEXT_FLIP,60.31,10.13,1.58,5.95,40.0,4.32,10,16030.93,FIXED_SL_AND_TP,Top Base SAR,Top Base SAR | Fixed SL 5.0% + TP 30.0% [WAIT_NEXT_FLIP]
EMA_CROSS_SAR,209,223.0,PCT,10.0,PCT,10.0,PCT,0.0,0.0,0.0,WAIT_NEXT_FLIP,29.35,9.11,1.68,3.22,40.0,3.43,10,12935.14,FIXED_SL_AND_TP,Top Base SAR,Top Base SAR | Fixed SL 10.0% + TP 10.0% [WAIT_NEXT_FLIP]
EMA_CROSS_SAR,209,223.0,PCT,10.0,PCT,20.0,PCT,0.0,0.0,0.0,WAIT_NEXT_FLIP,52.1,4.87,1.93,10.7,55.6,8.32,9,15209.85,FIXED_SL_AND_TP,Top Base SAR,Top Base SAR | Fixed SL 10.0% + TP 20.0% [WAIT_NEXT_FLIP]
EMA_CROSS_SAR,209,223.0,PCT,10.0,PCT,30.0,PCT,0.0,0.0,0.0,WAIT_NEXT_FLIP,78.55,4.87,1.9,16.13,55.6,11.51,9,17855.03,FIXED_SL_AND_TP,Top Base SAR,Top Base SAR | Fixed SL 10.0% + TP 30.0% [WAIT_NEXT_FLIP]
EMA_CROSS_SAR,209,223.0,PCT,0.0,PCT,15.0,PCT,3.0,0.0,0.0,WAIT_NEXT_FLIP,-8.86,10.26,-2.29,-0.86,15.4,0.2,13,9113.94,TRAILING_SL_AND_FIXED_TP,Top Base SAR,Top Base SAR | TSL 3.0% + Fixed TP 15.0% [WAIT_NEXT_FLIP]
EMA_CROSS_SAR,209,223.0,PCT,0.0,PCT,30.0,PCT,3.0,0.0,0.0,WAIT_NEXT_FLIP,-8.86,10.26,-2.29,-0.86,15.4,0.2,13,9113.94,TRAILING_SL_AND_FIXED_TP,Top Base SAR,Top Base SAR | TSL 3.0% + Fixed TP 30.0% [WAIT_NEXT_FLIP]
EMA_CROSS_SAR,209,223.0,PCT,0.0,PCT,15.0,PCT,5.0,0.0,0.0,WAIT_NEXT_FLIP,0.81,6.58,0.16,0.12,38.5,1.11,13,10080.88,TRAILING_SL_AND_FIXED_TP,Top Base SAR,Top Base SAR | TSL 5.0% + Fixed TP 15.0% [WAIT_NEXT_FLIP]
EMA_CROSS_SAR,209,223.0,PCT,0.0,PCT,30.0,PCT,5.0,0.0,0.0,WAIT_NEXT_FLIP,0.81,6.58,0.16,0.12,38.5,1.11,13,10080.88,TRAILING_SL_AND_FIXED_TP,Top Base SAR,Top Base SAR | TSL 5.0% + Fixed TP 30.0% [WAIT_NEXT_FLIP]
EMA_CROSS_SAR,207,224.0,PCT,0.0,PCT,0.0,PCT,0.0,0.0,0.0,WAIT_NEXT_FLIP,41.86,9.11,1.33,4.59,25.0,4.47,8,14186.44,NO_SL_NO_TP,Pyramid Base SAR,Pyramid Base SAR | Raw Signal Flip [WAIT_NEXT_FLIP]
EMA_CROSS_SAR,207,224.0,PCT,1.0,PCT,0.0,PCT,0.0,0.0,0.0,WAIT_NEXT_FLIP,11.05,13.04,0.62,0.85,7.1,1.99,14,11105.13,FIXED_SL_ONLY,Pyramid Base SAR,Pyramid Base SAR | Fixed SL 1.0% [WAIT_NEXT_FLIP]
EMA_CROSS_SAR,207,224.0,PCT,2.0,PCT,0.0,PCT,0.0,0.0,0.0,WAIT_NEXT_FLIP,-20.88,20.88,-4.15,-1.0,0.0,0.0,13,7912.37,FIXED_SL_ONLY,Pyramid Base SAR,Pyramid Base SAR | Fixed SL 2.0% [WAIT_NEXT_FLIP]
EMA_CROSS_SAR,207,224.0,PCT,3.0,PCT,0.0,PCT,0.0,0.0,0.0,WAIT_NEXT_FLIP,37.05,12.2,1.22,3.04,20.0,3.46,10,13705.06,FIXED_SL_ONLY,Pyramid Base SAR,Pyramid Base SAR | Fixed SL 3.0% [WAIT_NEXT_FLIP]
EMA_CROSS_SAR,207,224.0,PCT,5.0,PCT,0.0,PCT,0.0,0.0,0.0,WAIT_NEXT_FLIP,67.26,5.2,1.72,12.94,44.4,6.17,9,16726.39,FIXED_SL_ONLY,Pyramid Base SAR,Pyramid Base SAR | Fixed SL 5.0% [WAIT_NEXT_FLIP]
EMA_CROSS_SAR,207,224.0,PCT,7.5,PCT,0.0,PCT,0.0,0.0,0.0,WAIT_NEXT_FLIP,41.86,9.11,1.33,4.59,25.0,4.47,8,14186.44,FIXED_SL_ONLY,Pyramid Base SAR,Pyramid Base SAR | Fixed SL 7.5% [WAIT_NEXT_FLIP]
EMA_CROSS_SAR,207,224.0,PCT,10.0,PCT,0.0,PCT,0.0,0.0,0.0,WAIT_NEXT_FLIP,41.86,9.11,1.33,4.59,25.0,4.47,8,14186.44,FIXED_SL_ONLY,Pyramid Base SAR,Pyramid Base SAR | Fixed SL 10.0% [WAIT_NEXT_FLIP]
EMA_CROSS_SAR,207,224.0,PCT,15.0,PCT,0.0,PCT,0.0,0.0,0.0,WAIT_NEXT_FLIP,41.86,9.11,1.33,4.59,25.0,4.47,8,14186.44,FIXED_SL_ONLY,Pyramid Base SAR,Pyramid Base SAR | Fixed SL 15.0% [WAIT_NEXT_FLIP]
EMA_CROSS_SAR,207,224.0,PCT,20.0,PCT,0.0,PCT,0.0,0.0,0.0,WAIT_NEXT_FLIP,41.86,9.11,1.33,4.59,25.0,4.47,8,14186.44,FIXED_SL_ONLY,Pyramid Base SAR,Pyramid Base SAR | Fixed SL 20.0% [WAIT_NEXT_FLIP]
EMA_CROSS_SAR,207,224.0,PRICE,25.0,PCT,0.0,PCT,0.0,0.0,0.0,WAIT_NEXT_FLIP,8.73,14.85,0.52,0.59,0.0,0.0,0,10873.14,FIXED_SL_ONLY,Pyramid Base SAR,Pyramid Base SAR | Fixed SL $25 [WAIT_NEXT_FLIP]
EMA_CROSS_SAR,207,224.0,PRICE,50.0,PCT,0.0,PCT,0.0,0.0,0.0,WAIT_NEXT_FLIP,13.2,16.2,0.69,0.81,0.0,0.0,0,11319.6,FIXED_SL_ONLY,Pyramid Base SAR,Pyramid Base SAR | Fixed SL $50 [WAIT_NEXT_FLIP]
EMA_CROSS_SAR,207,224.0,PRICE,100.0,PCT,0.0,PCT,0.0,0.0,0.0,WAIT_NEXT_FLIP,49.33,5.05,1.49,9.76,0.0,0.0,0,14933.14,FIXED_SL_ONLY,Pyramid Base SAR,Pyramid Base SAR | Fixed SL $100 [WAIT_NEXT_FLIP]
EMA_CROSS_SAR,207,224.0,PRICE,200.0,PCT,0.0,PCT,0.0,0.0,0.0,WAIT_NEXT_FLIP,41.86,9.11,1.33,4.59,0.0,0.0,0,14186.44,FIXED_SL_ONLY,Pyramid Base SAR,Pyramid Base SAR | Fixed SL $200 [WAIT_NEXT_FLIP]
EMA_CROSS_SAR,207,224.0,PRICE,500.0,PCT,0.0,PCT,0.0,0.0,0.0,WAIT_NEXT_FLIP,41.86,9.11,1.33,4.59,0.0,0.0,0,14186.44,FIXED_SL_ONLY,Pyramid Base SAR,Pyramid Base SAR | Fixed SL $500 [WAIT_NEXT_FLIP]
EMA_CROSS_SAR,207,224.0,PCT,0.0,PCT,2.0,PCT,0.0,0.0,0.0,WAIT_NEXT_FLIP,8.48,4.84,1.49,1.75,66.7,2.4,12,10847.77,FIXED_TP_ONLY,Pyramid Base SAR,Pyramid Base SAR | Fixed TP 2.0% [WAIT_NEXT_FLIP]
EMA_CROSS_SAR,207,224.0,PCT,0.0,PCT,4.0,PCT,0.0,0.0,0.0,WAIT_NEXT_FLIP,15.94,4.84,1.81,3.29,54.5,3.06,11,11594.39,FIXED_TP_ONLY,Pyramid Base SAR,Pyramid Base SAR | Fixed TP 4.0% [WAIT_NEXT_FLIP]
EMA_CROSS_SAR,207,224.0,PCT,0.0,PCT,6.0,PCT,0.0,0.0,0.0,WAIT_NEXT_FLIP,10.93,9.11,1.05,1.2,40.0,1.94,10,11093.29,FIXED_TP_ONLY,Pyramid Base SAR,Pyramid Base SAR | Fixed TP 6.0% [WAIT_NEXT_FLIP]
EMA_CROSS_SAR,207,224.0,PCT,0.0,PCT,10.0,PCT,0.0,0.0,0.0,WAIT_NEXT_FLIP,28.68,9.11,1.64,3.15,40.0,3.28,10,12868.47,FIXED_TP_ONLY,Pyramid Base SAR,Pyramid Base SAR | Fixed TP 10.0% [WAIT_NEXT_FLIP]
EMA_CROSS_SAR,207,224.0,PCT,0.0,PCT,15.0,PCT,0.0,0.0,0.0,WAIT_NEXT_FLIP,65.83,9.11,2.22,7.22,50.0,6.13,10,16582.58,FIXED_TP_ONLY,Pyramid Base SAR,Pyramid Base SAR | Fixed TP 15.0% [WAIT_NEXT_FLIP]
EMA_CROSS_SAR,207,224.0,PCT,0.0,PCT,20.0,PCT,0.0,0.0,0.0,WAIT_NEXT_FLIP,51.33,4.87,1.91,10.54,55.6,8.24,9,15132.99,FIXED_TP_ONLY,Pyramid Base SAR,Pyramid Base SAR | Fixed TP 20.0% [WAIT_NEXT_FLIP]
EMA_CROSS_SAR,207,224.0,PCT,0.0,PCT,30.0,PCT,0.0,0.0,0.0,WAIT_NEXT_FLIP,77.65,4.87,1.89,15.94,55.6,11.43,9,17764.8,FIXED_TP_ONLY,Pyramid Base SAR,Pyramid Base SAR | Fixed TP 30.0% [WAIT_NEXT_FLIP]
EMA_CROSS_SAR,207,224.0,PCT,0.0,PCT,50.0,PCT,0.0,0.0,0.0,WAIT_NEXT_FLIP,41.86,9.11,1.33,4.59,25.0,4.47,8,14186.44,FIXED_TP_ONLY,Pyramid Base SAR,Pyramid Base SAR | Fixed TP 50.0% [WAIT_NEXT_FLIP]
EMA_CROSS_SAR,207,224.0,PCT,0.0,PCT,100.0,PCT,0.0,0.0,0.0,WAIT_NEXT_FLIP,41.86,9.11,1.33,4.59,25.0,4.47,8,14186.44,FIXED_TP_ONLY,Pyramid Base SAR,Pyramid Base SAR | Fixed TP 100.0% [WAIT_NEXT_FLIP]
EMA_CROSS_SAR,207,224.0,PCT,0.0,PRICE,50.0,PCT,0.0,0.0,0.0,WAIT_NEXT_FLIP,5.12,4.84,0.9,1.06,0.0,0.0,0,10511.8,FIXED_TP_ONLY,Pyramid Base SAR,Pyramid Base SAR | Fixed TP $50 [WAIT_NEXT_FLIP]
EMA_CROSS_SAR,207,224.0,PCT,0.0,PRICE,100.0,PCT,0.0,0.0,0.0,WAIT_NEXT_FLIP,20.26,4.84,1.98,4.18,0.0,0.0,0,12026.41,FIXED_TP_ONLY,Pyramid Base SAR,Pyramid Base SAR | Fixed TP $100 [WAIT_NEXT_FLIP]
EMA_CROSS_SAR,207,224.0,PCT,0.0,PRICE,200.0,PCT,0.0,0.0,0.0,WAIT_NEXT_FLIP,24.72,9.11,1.54,2.71,0.0,0.0,0,12472.19,FIXED_TP_ONLY,Pyramid Base SAR,Pyramid Base SAR | Fixed TP $200 [WAIT_NEXT_FLIP]
EMA_CROSS_SAR,207,224.0,PCT,0.0,PRICE,500.0,PCT,0.0,0.0,0.0,WAIT_NEXT_FLIP,55.02,4.87,1.87,11.3,0.0,0.0,0,15501.77,FIXED_TP_ONLY,Pyramid Base SAR,Pyramid Base SAR | Fixed TP $500 [WAIT_NEXT_FLIP]
EMA_CROSS_SAR,207,224.0,PCT,0.0,PRICE,1000.0,PCT,0.0,0.0,0.0,WAIT_NEXT_FLIP,79.37,4.87,1.88,16.3,0.0,0.0,0,17936.7,FIXED_TP_ONLY,Pyramid Base SAR,Pyramid Base SAR | Fixed TP $1000 [WAIT_NEXT_FLIP]
EMA_CROSS_SAR,207,224.0,PCT,0.0,PCT,0.0,PCT,1.0,0.0,0.0,WAIT_NEXT_FLIP,-4.26,4.61,-2.17,-0.92,28.6,0.27,14,9573.92,TRAILING_SL_ONLY,Pyramid Base SAR,Pyramid Base SAR | Trailing SL 1.0% [WAIT_NEXT_FLIP]
EMA_CROSS_SAR,207,224.0,PCT,0.0,PCT,0.0,PCT,2.0,0.0,0.0,WAIT_NEXT_FLIP,-2.9,5.98,-0.85,-0.49,50.0,0.63,14,9709.88,TRAILING_SL_ONLY,Pyramid Base SAR,Pyramid Base SAR | Trailing SL 2.0% [WAIT_NEXT_FLIP]
EMA_CROSS_SAR,207,224.0,PCT,0.0,PCT,0.0,PCT,3.0,0.0,0.0,WAIT_NEXT_FLIP,-9.32,10.72,-2.4,-0.87,15.4,0.19,13,9067.73,TRAILING_SL_ONLY,Pyramid Base SAR,Pyramid Base SAR | Trailing SL 3.0% [WAIT_NEXT_FLIP]
EMA_CROSS_SAR,207,224.0,PCT,0.0,PCT,0.0,PCT,5.0,0.0,0.0,WAIT_NEXT_FLIP,0.28,6.58,0.1,0.04,38.5,1.06,13,10027.75,TRAILING_SL_ONLY,Pyramid Base SAR,Pyramid Base SAR | Trailing SL 5.0% [WAIT_NEXT_FLIP]
EMA_CROSS_SAR,207,224.0,PCT,0.0,PCT,0.0,PCT,7.5,0.0,0.0,WAIT_NEXT_FLIP,27.39,4.84,1.18,5.66,27.3,3.72,11,12739.45,TRAILING_SL_ONLY,Pyramid Base SAR,Pyramid Base SAR | Trailing SL 7.5% [WAIT_NEXT_FLIP]
EMA_CROSS_SAR,207,224.0,PCT,0.0,PCT,0.0,PCT,10.0,0.0,0.0,WAIT_NEXT_FLIP,45.83,7.43,1.56,6.17,40.0,4.1,10,14583.27,TRAILING_SL_ONLY,Pyramid Base SAR,Pyramid Base SAR | Trailing SL 10.0% [WAIT_NEXT_FLIP]
EMA_CROSS_SAR,207,224.0,PCT,0.0,PCT,0.0,PCT,15.0,0.0,0.0,WAIT_NEXT_FLIP,96.48,10.46,1.96,9.23,40.0,7.39,10,19647.91,TRAILING_SL_ONLY,Pyramid Base SAR,Pyramid Base SAR | Trailing SL 15.0% [WAIT_NEXT_FLIP]
EMA_CROSS_SAR,207,224.0,PCT,0.0,PCT,0.0,PCT,0.0,5.0,1.0,WAIT_NEXT_FLIP,8.66,4.84,1.26,1.79,54.5,2.16,11,10865.53,TRAILING_TP_ONLY,Pyramid Base SAR,"Pyramid Base SAR | Trailing TP (Act 5.0%, Call 1.0%) [WAIT_NEXT_FLIP]"
EMA_CROSS_SAR,207,224.0,PCT,0.0,PCT,0.0,PCT,0.0,5.0,2.0,WAIT_NEXT_FLIP,8.65,4.84,1.26,1.79,54.5,2.16,11,10864.83,TRAILING_TP_ONLY,Pyramid Base SAR,"Pyramid Base SAR | Trailing TP (Act 5.0%, Call 2.0%) [WAIT_NEXT_FLIP]"
EMA_CROSS_SAR,207,224.0,PCT,0.0,PCT,0.0,PCT,0.0,10.0,2.0,WAIT_NEXT_FLIP,20.56,9.11,1.44,2.26,40.0,2.69,10,12056.43,TRAILING_TP_ONLY,Pyramid Base SAR,"Pyramid Base SAR | Trailing TP (Act 10.0%, Call 2.0%) [WAIT_NEXT_FLIP]"
EMA_CROSS_SAR,207,224.0,PCT,0.0,PCT,0.0,PCT,0.0,10.0,3.0,WAIT_NEXT_FLIP,22.75,9.11,1.46,2.5,40.0,2.86,10,12275.31,TRAILING_TP_ONLY,Pyramid Base SAR,"Pyramid Base SAR | Trailing TP (Act 10.0%, Call 3.0%) [WAIT_NEXT_FLIP]"
EMA_CROSS_SAR,207,224.0,PCT,0.0,PCT,0.0,PCT,0.0,15.0,3.0,WAIT_NEXT_FLIP,55.93,9.11,2.14,6.14,50.0,5.48,10,15593.37,TRAILING_TP_ONLY,Pyramid Base SAR,"Pyramid Base SAR | Trailing TP (Act 15.0%, Call 3.0%) [WAIT_NEXT_FLIP]"
EMA_CROSS_SAR,207,224.0,PCT,0.0,PCT,0.0,PCT,0.0,20.0,5.0,WAIT_NEXT_FLIP,43.68,4.87,1.92,8.97,55.6,7.26,9,14368.18,TRAILING_TP_ONLY,Pyramid Base SAR,"Pyramid Base SAR | Trailing TP (Act 20.0%, Call 5.0%) [WAIT_NEXT_FLIP]"
EMA_CROSS_SAR,207,224.0,PCT,0.0,PCT,0.0,PCT,0.0,30.0,5.0,WAIT_NEXT_FLIP,70.66,4.87,1.9,14.51,55.6,10.6,9,17066.0,TRAILING_TP_ONLY,Pyramid Base SAR,"Pyramid Base SAR | Trailing TP (Act 30.0%, Call 5.0%) [WAIT_NEXT_FLIP]"
EMA_CROSS_SAR,207,224.0,PCT,3.0,PCT,10.0,PCT,0.0,0.0,0.0,WAIT_NEXT_FLIP,9.6,15.01,0.73,0.64,25.0,1.58,12,10959.92,FIXED_SL_AND_TP,Pyramid Base SAR,Pyramid Base SAR | Fixed SL 3.0% + TP 10.0% [WAIT_NEXT_FLIP]
EMA_CROSS_SAR,207,224.0,PCT,3.0,PCT,20.0,PCT,0.0,0.0,0.0,WAIT_NEXT_FLIP,53.51,15.01,1.7,3.57,33.3,3.79,12,15351.05,FIXED_SL_AND_TP,Pyramid Base SAR,Pyramid Base SAR | Fixed SL 3.0% + TP 20.0% [WAIT_NEXT_FLIP]
EMA_CROSS_SAR,207,224.0,PCT,3.0,PCT,30.0,PCT,0.0,0.0,0.0,WAIT_NEXT_FLIP,95.25,15.01,1.87,6.35,33.3,5.51,12,19525.02,FIXED_SL_AND_TP,Pyramid Base SAR,Pyramid Base SAR | Fixed SL 3.0% + TP 30.0% [WAIT_NEXT_FLIP]
EMA_CROSS_SAR,207,224.0,PCT,5.0,PCT,10.0,PCT,0.0,0.0,0.0,WAIT_NEXT_FLIP,4.51,11.01,0.4,0.41,27.3,1.27,11,10451.37,FIXED_SL_AND_TP,Pyramid Base SAR,Pyramid Base SAR | Fixed SL 5.0% + TP 10.0% [WAIT_NEXT_FLIP]
EMA_CROSS_SAR,207,224.0,PCT,5.0,PCT,20.0,PCT,0.0,0.0,0.0,WAIT_NEXT_FLIP,35.87,10.13,1.43,3.54,40.0,3.09,10,13586.97,FIXED_SL_AND_TP,Pyramid Base SAR,Pyramid Base SAR | Fixed SL 5.0% + TP 20.0% [WAIT_NEXT_FLIP]
EMA_CROSS_SAR,207,224.0,PCT,5.0,PCT,30.0,PCT,0.0,0.0,0.0,WAIT_NEXT_FLIP,59.5,10.13,1.56,5.87,40.0,4.29,10,15949.92,FIXED_SL_AND_TP,Pyramid Base SAR,Pyramid Base SAR | Fixed SL 5.0% + TP 30.0% [WAIT_NEXT_FLIP]
EMA_CROSS_SAR,207,224.0,PCT,10.0,PCT,10.0,PCT,0.0,0.0,0.0,WAIT_NEXT_FLIP,28.68,9.11,1.64,3.15,40.0,3.28,10,12868.47,FIXED_SL_AND_TP,Pyramid Base SAR,Pyramid Base SAR | Fixed SL 10.0% + TP 10.0% [WAIT_NEXT_FLIP]
EMA_CROSS_SAR,207,224.0,PCT,10.0,PCT,20.0,PCT,0.0,0.0,0.0,WAIT_NEXT_FLIP,51.33,4.87,1.91,10.54,55.6,8.24,9,15132.99,FIXED_SL_AND_TP,Pyramid Base SAR,Pyramid Base SAR | Fixed SL 10.0% + TP 20.0% [WAIT_NEXT_FLIP]
EMA_CROSS_SAR,207,224.0,PCT,10.0,PCT,30.0,PCT,0.0,0.0,0.0,WAIT_NEXT_FLIP,77.65,4.87,1.89,15.94,55.6,11.43,9,17764.8,FIXED_SL_AND_TP,Pyramid Base SAR,Pyramid Base SAR | Fixed SL 10.0% + TP 30.0% [WAIT_NEXT_FLIP]
EMA_CROSS_SAR,207,224.0,PCT,0.0,PCT,15.0,PCT,3.0,0.0,0.0,WAIT_NEXT_FLIP,-9.32,10.72,-2.4,-0.87,15.4,0.19,13,9067.73,TRAILING_SL_AND_FIXED_TP,Pyramid Base SAR,Pyramid Base SAR | TSL 3.0% + Fixed TP 15.0% [WAIT_NEXT_FLIP]
EMA_CROSS_SAR,207,224.0,PCT,0.0,PCT,30.0,PCT,3.0,0.0,0.0,WAIT_NEXT_FLIP,-9.32,10.72,-2.4,-0.87,15.4,0.19,13,9067.73,TRAILING_SL_AND_FIXED_TP,Pyramid Base SAR,Pyramid Base SAR | TSL 3.0% + Fixed TP 30.0% [WAIT_NEXT_FLIP]
EMA_CROSS_SAR,207,224.0,PCT,0.0,PCT,15.0,PCT,5.0,0.0,0.0,WAIT_NEXT_FLIP,0.28,6.58,0.1,0.04,38.5,1.06,13,10027.75,TRAILING_SL_AND_FIXED_TP,Pyramid Base SAR,Pyramid Base SAR | TSL 5.0% + Fixed TP 15.0% [WAIT_NEXT_FLIP]
EMA_CROSS_SAR,207,224.0,PCT,0.0,PCT,30.0,PCT,5.0,0.0,0.0,WAIT_NEXT_FLIP,0.28,6.58,0.1,0.04,38.5,1.06,13,10027.75,TRAILING_SL_AND_FIXED_TP,Pyramid Base SAR,Pyramid Base SAR | TSL 5.0% + Fixed TP 30.0% [WAIT_NEXT_FLIP]
EMA_CROSS_LONG_ONLY,208,224.0,PCT,0.0,PCT,0.0,PCT,0.0,0.0,0.0,WAIT_NEXT_FLIP,35.93,4.87,1.46,7.38,62.5,6.77,8,13593.49,NO_SL_NO_TP,Top Base Long Only,Top Base Long Only | Raw Signal Flip [WAIT_NEXT_FLIP]
EMA_CROSS_LONG_ONLY,208,224.0,PCT,1.0,PCT,0.0,PCT,0.0,0.0,0.0,WAIT_NEXT_FLIP,-1.59,1.59,-1.58,-1.0,0.0,0.0,2,9841.01,FIXED_SL_ONLY,Top Base Long Only,Top Base Long Only | Fixed SL 1.0% [WAIT_NEXT_FLIP]
EMA_CROSS_LONG_ONLY,208,224.0,PCT,2.0,PCT,0.0,PCT,0.0,0.0,0.0,WAIT_NEXT_FLIP,-2.59,2.59,-1.45,-1.0,0.0,0.0,2,9741.4,FIXED_SL_ONLY,Top Base Long Only,Top Base Long Only | Fixed SL 2.0% [WAIT_NEXT_FLIP]
EMA_CROSS_LONG_ONLY,208,224.0,PCT,3.0,PCT,0.0,PCT,0.0,0.0,0.0,WAIT_NEXT_FLIP,-3.44,3.44,-1.33,-1.0,33.3,0.04,3,9656.26,FIXED_SL_ONLY,Top Base Long Only,Top Base Long Only | Fixed SL 3.0% [WAIT_NEXT_FLIP]
EMA_CROSS_LONG_ONLY,208,224.0,PCT,5.0,PCT,0.0,PCT,0.0,0.0,0.0,WAIT_NEXT_FLIP,-5.43,5.43,-1.31,-1.0,33.3,0.03,3,9456.75,FIXED_SL_ONLY,Top Base Long Only,Top Base Long Only | Fixed SL 5.0% [WAIT_NEXT_FLIP]
EMA_CROSS_LONG_ONLY,208,224.0,PCT,7.5,PCT,0.0,PCT,0.0,0.0,0.0,WAIT_NEXT_FLIP,35.93,4.87,1.46,7.38,62.5,6.77,8,13593.49,FIXED_SL_ONLY,Top Base Long Only,Top Base Long Only | Fixed SL 7.5% [WAIT_NEXT_FLIP]
EMA_CROSS_LONG_ONLY,208,224.0,PCT,10.0,PCT,0.0,PCT,0.0,0.0,0.0,WAIT_NEXT_FLIP,35.93,4.87,1.46,7.38,62.5,6.77,8,13593.49,FIXED_SL_ONLY,Top Base Long Only,Top Base Long Only | Fixed SL 10.0% [WAIT_NEXT_FLIP]
EMA_CROSS_LONG_ONLY,208,224.0,PCT,15.0,PCT,0.0,PCT,0.0,0.0,0.0,WAIT_NEXT_FLIP,35.93,4.87,1.46,7.38,62.5,6.77,8,13593.49,FIXED_SL_ONLY,Top Base Long Only,Top Base Long Only | Fixed SL 15.0% [WAIT_NEXT_FLIP]
EMA_CROSS_LONG_ONLY,208,224.0,PCT,20.0,PCT,0.0,PCT,0.0,0.0,0.0,WAIT_NEXT_FLIP,35.93,4.87,1.46,7.38,62.5,6.77,8,13593.49,FIXED_SL_ONLY,Top Base Long Only,Top Base Long Only | Fixed SL 20.0% [WAIT_NEXT_FLIP]
EMA_CROSS_LONG_ONLY,208,224.0,PRICE,25.0,PCT,0.0,PCT,0.0,0.0,0.0,WAIT_NEXT_FLIP,-1.43,1.43,-1.61,-1.0,0.0,0.0,0,9857.12,FIXED_SL_ONLY,Top Base Long Only,Top Base Long Only | Fixed SL $25 [WAIT_NEXT_FLIP]
EMA_CROSS_LONG_ONLY,208,224.0,PRICE,50.0,PCT,0.0,PCT,0.0,0.0,0.0,WAIT_NEXT_FLIP,-2.26,2.26,-1.48,-1.0,0.0,0.0,0,9773.63,FIXED_SL_ONLY,Top Base Long Only,Top Base Long Only | Fixed SL $50 [WAIT_NEXT_FLIP]
EMA_CROSS_LONG_ONLY,208,224.0,PRICE,100.0,PCT,0.0,PCT,0.0,0.0,0.0,WAIT_NEXT_FLIP,-5.3,5.3,-1.31,-1.0,0.0,0.0,0,9469.94,FIXED_SL_ONLY,Top Base Long Only,Top Base Long Only | Fixed SL $100 [WAIT_NEXT_FLIP]
EMA_CROSS_LONG_ONLY,208,224.0,PRICE,200.0,PCT,0.0,PCT,0.0,0.0,0.0,WAIT_NEXT_FLIP,35.93,4.87,1.46,7.38,0.0,0.0,0,13593.49,FIXED_SL_ONLY,Top Base Long Only,Top Base Long Only | Fixed SL $200 [WAIT_NEXT_FLIP]
EMA_CROSS_LONG_ONLY,208,224.0,PRICE,500.0,PCT,0.0,PCT,0.0,0.0,0.0,WAIT_NEXT_FLIP,35.93,4.87,1.46,7.38,0.0,0.0,0,13593.49,FIXED_SL_ONLY,Top Base Long Only,Top Base Long Only | Fixed SL $500 [WAIT_NEXT_FLIP]
EMA_CROSS_LONG_ONLY,208,224.0,PCT,0.0,PCT,2.0,PCT,0.0,0.0,0.0,WAIT_NEXT_FLIP,1.4,0.39,0.95,3.54,50.0,4.62,2,10139.82,FIXED_TP_ONLY,Top Base Long Only,Top Base Long Only | Fixed TP 2.0% [WAIT_NEXT_FLIP]
EMA_CROSS_LONG_ONLY,208,224.0,PCT,0.0,PCT,4.0,PCT,0.0,0.0,0.0,WAIT_NEXT_FLIP,3.39,0.39,1.11,8.59,50.0,9.74,2,10339.03,FIXED_TP_ONLY,Top Base Long Only,Top Base Long Only | Fixed TP 4.0% [WAIT_NEXT_FLIP]
EMA_CROSS_LONG_ONLY,208,224.0,PCT,0.0,PCT,6.0,PCT,0.0,0.0,0.0,WAIT_NEXT_FLIP,5.38,0.39,1.16,13.64,50.0,14.87,2,10538.24,FIXED_TP_ONLY,Top Base Long Only,Top Base Long Only | Fixed TP 6.0% [WAIT_NEXT_FLIP]
EMA_CROSS_LONG_ONLY,208,224.0,PCT,0.0,PCT,10.0,PCT,0.0,0.0,0.0,WAIT_NEXT_FLIP,9.37,0.39,1.2,23.73,50.0,25.13,2,10936.66,FIXED_TP_ONLY,Top Base Long Only,Top Base Long Only | Fixed TP 10.0% [WAIT_NEXT_FLIP]
EMA_CROSS_LONG_ONLY,208,224.0,PCT,0.0,PCT,15.0,PCT,0.0,0.0,0.0,WAIT_NEXT_FLIP,14.52,0.39,1.23,36.79,66.7,38.33,3,11451.85,FIXED_TP_ONLY,Top Base Long Only,Top Base Long Only | Fixed TP 15.0% [WAIT_NEXT_FLIP]
EMA_CROSS_LONG_ONLY,208,224.0,PCT,0.0,PCT,20.0,PCT,0.0,0.0,0.0,WAIT_NEXT_FLIP,27.53,4.87,1.49,5.65,62.5,5.45,8,12752.53,FIXED_TP_ONLY,Top Base Long Only,Top Base Long Only | Fixed TP 20.0% [WAIT_NEXT_FLIP]
EMA_CROSS_LONG_ONLY,208,224.0,PCT,0.0,PCT,30.0,PCT,0.0,0.0,0.0,WAIT_NEXT_FLIP,38.17,4.87,1.45,7.84,62.5,7.12,8,13817.01,FIXED_TP_ONLY,Top Base Long Only,Top Base Long Only | Fixed TP 30.0% [WAIT_NEXT_FLIP]
EMA_CROSS_LONG_ONLY,208,224.0,PCT,0.0,PCT,50.0,PCT,0.0,0.0,0.0,WAIT_NEXT_FLIP,35.93,4.87,1.46,7.38,62.5,6.77,8,13593.49,FIXED_TP_ONLY,Top Base Long Only,Top Base Long Only | Fixed TP 50.0% [WAIT_NEXT_FLIP]
EMA_CROSS_LONG_ONLY,208,224.0,PCT,0.0,PCT,100.0,PCT,0.0,0.0,0.0,WAIT_NEXT_FLIP,35.93,4.87,1.46,7.38,62.5,6.77,8,13593.49,FIXED_TP_ONLY,Top Base Long Only,Top Base Long Only | Fixed TP 100.0% [WAIT_NEXT_FLIP]
EMA_CROSS_LONG_ONLY,208,224.0,PCT,0.0,PRICE,50.0,PCT,0.0,0.0,0.0,WAIT_NEXT_FLIP,1.08,0.39,0.89,2.73,0.0,0.0,0,10107.59,FIXED_TP_ONLY,Top Base Long Only,Top Base Long Only | Fixed TP $50 [WAIT_NEXT_FLIP]
EMA_CROSS_LONG_ONLY,208,224.0,PCT,0.0,PRICE,100.0,PCT,0.0,0.0,0.0,WAIT_NEXT_FLIP,2.75,0.39,1.09,6.96,0.0,0.0,0,10274.57,FIXED_TP_ONLY,Top Base Long Only,Top Base Long Only | Fixed TP $100 [WAIT_NEXT_FLIP]
EMA_CROSS_LONG_ONLY,208,224.0,PCT,0.0,PRICE,200.0,PCT,0.0,0.0,0.0,WAIT_NEXT_FLIP,6.09,0.39,1.17,15.42,0.0,0.0,0,10608.52,FIXED_TP_ONLY,Top Base Long Only,Top Base Long Only | Fixed TP $200 [WAIT_NEXT_FLIP]
EMA_CROSS_LONG_ONLY,208,224.0,PCT,0.0,PRICE,500.0,PCT,0.0,0.0,0.0,WAIT_NEXT_FLIP,34.33,4.87,1.47,7.05,0.0,0.0,0,13432.7,FIXED_TP_ONLY,Top Base Long Only,Top Base Long Only | Fixed TP $500 [WAIT_NEXT_FLIP]
EMA_CROSS_LONG_ONLY,208,224.0,PCT,0.0,PRICE,1000.0,PCT,0.0,0.0,0.0,WAIT_NEXT_FLIP,35.93,4.87,1.46,7.38,0.0,0.0,0,13593.49,FIXED_TP_ONLY,Top Base Long Only,Top Base Long Only | Fixed TP $1000 [WAIT_NEXT_FLIP]
EMA_CROSS_LONG_ONLY,208,224.0,PCT,0.0,PCT,0.0,PCT,1.0,0.0,0.0,WAIT_NEXT_FLIP,0.06,0.39,0.14,0.16,50.0,1.18,2,10006.4,TRAILING_SL_ONLY,Top Base Long Only,Top Base Long Only | Trailing SL 1.0% [WAIT_NEXT_FLIP]
EMA_CROSS_LONG_ONLY,208,224.0,PCT,0.0,PCT,0.0,PCT,2.0,0.0,0.0,WAIT_NEXT_FLIP,1.55,0.39,0.98,3.93,50.0,5.0,2,10155.11,TRAILING_SL_ONLY,Top Base Long Only,Top Base Long Only | Trailing SL 2.0% [WAIT_NEXT_FLIP]
EMA_CROSS_LONG_ONLY,208,224.0,PCT,0.0,PCT,0.0,PCT,3.0,0.0,0.0,WAIT_NEXT_FLIP,6.99,0.39,1.18,17.7,50.0,19.0,2,10698.7,TRAILING_SL_ONLY,Top Base Long Only,Top Base Long Only | Trailing SL 3.0% [WAIT_NEXT_FLIP]
EMA_CROSS_LONG_ONLY,208,224.0,PCT,0.0,PCT,0.0,PCT,5.0,0.0,0.0,WAIT_NEXT_FLIP,4.78,0.39,1.15,12.1,50.0,13.31,2,10477.7,TRAILING_SL_ONLY,Top Base Long Only,Top Base Long Only | Trailing SL 5.0% [WAIT_NEXT_FLIP]
EMA_CROSS_LONG_ONLY,208,224.0,PCT,0.0,PCT,0.0,PCT,7.5,0.0,0.0,WAIT_NEXT_FLIP,2.01,0.39,1.03,5.1,50.0,6.21,2,10201.45,TRAILING_SL_ONLY,Top Base Long Only,Top Base Long Only | Trailing SL 7.5% [WAIT_NEXT_FLIP]
EMA_CROSS_LONG_ONLY,208,224.0,PCT,0.0,PCT,0.0,PCT,10.0,0.0,0.0,WAIT_NEXT_FLIP,2.08,0.39,1.04,5.27,50.0,6.36,2,10207.81,TRAILING_SL_ONLY,Top Base Long Only,Top Base Long Only | Trailing SL 10.0% [WAIT_NEXT_FLIP]
EMA_CROSS_LONG_ONLY,208,224.0,PCT,0.0,PCT,0.0,PCT,15.0,0.0,0.0,WAIT_NEXT_FLIP,-1.72,1.72,-1.4,-1.0,33.3,0.08,3,9828.19,TRAILING_SL_ONLY,Top Base Long Only,Top Base Long Only | Trailing SL 15.0% [WAIT_NEXT_FLIP]
EMA_CROSS_LONG_ONLY,208,224.0,PCT,0.0,PCT,0.0,PCT,0.0,5.0,1.0,WAIT_NEXT_FLIP,2.88,0.39,1.09,7.3,50.0,8.44,2,10288.09,TRAILING_TP_ONLY,Top Base Long Only,"Top Base Long Only | Trailing TP (Act 5.0%, Call 1.0%) [WAIT_NEXT_FLIP]"
EMA_CROSS_LONG_ONLY,208,224.0,PCT,0.0,PCT,0.0,PCT,0.0,5.0,2.0,WAIT_NEXT_FLIP,2.79,0.39,1.09,7.08,50.0,8.21,2,10279.38,TRAILING_TP_ONLY,Top Base Long Only,"Top Base Long Only | Trailing TP (Act 5.0%, Call 2.0%) [WAIT_NEXT_FLIP]"
EMA_CROSS_LONG_ONLY,208,224.0,PCT,0.0,PCT,0.0,PCT,0.0,10.0,2.0,WAIT_NEXT_FLIP,7.95,0.39,1.19,20.13,50.0,21.46,2,10794.57,TRAILING_TP_ONLY,Top Base Long Only,"Top Base Long Only | Trailing TP (Act 10.0%, Call 2.0%) [WAIT_NEXT_FLIP]"
EMA_CROSS_LONG_ONLY,208,224.0,PCT,0.0,PCT,0.0,PCT,0.0,10.0,3.0,WAIT_NEXT_FLIP,6.99,0.39,1.18,17.7,50.0,19.0,2,10698.7,TRAILING_TP_ONLY,Top Base Long Only,"Top Base Long Only | Trailing TP (Act 10.0%, Call 3.0%) [WAIT_NEXT_FLIP]"
EMA_CROSS_LONG_ONLY,208,224.0,PCT,0.0,PCT,0.0,PCT,0.0,15.0,3.0,WAIT_NEXT_FLIP,12.19,0.39,1.23,30.87,66.7,32.33,3,11218.52,TRAILING_TP_ONLY,Top Base Long Only,"Top Base Long Only | Trailing TP (Act 15.0%, Call 3.0%) [WAIT_NEXT_FLIP]"
EMA_CROSS_LONG_ONLY,208,224.0,PCT,0.0,PCT,0.0,PCT,0.0,20.0,5.0,WAIT_NEXT_FLIP,24.34,4.87,1.5,5.0,62.5,4.95,8,12434.26,TRAILING_TP_ONLY,Top Base Long Only,"Top Base Long Only | Trailing TP (Act 20.0%, Call 5.0%) [WAIT_NEXT_FLIP]"
EMA_CROSS_LONG_ONLY,208,224.0,PCT,0.0,PCT,0.0,PCT,0.0,30.0,5.0,WAIT_NEXT_FLIP,35.72,4.87,1.46,7.33,62.5,6.74,8,13571.81,TRAILING_TP_ONLY,Top Base Long Only,"Top Base Long Only | Trailing TP (Act 30.0%, Call 5.0%) [WAIT_NEXT_FLIP]"
EMA_CROSS_LONG_ONLY,208,224.0,PCT,3.0,PCT,10.0,PCT,0.0,0.0,0.0,WAIT_NEXT_FLIP,9.37,0.39,1.2,23.73,50.0,25.13,2,10936.66,FIXED_SL_AND_TP,Top Base Long Only,Top Base Long Only | Fixed SL 3.0% + TP 10.0% [WAIT_NEXT_FLIP]
EMA_CROSS_LONG_ONLY,208,224.0,PCT,3.0,PCT,20.0,PCT,0.0,0.0,0.0,WAIT_NEXT_FLIP,-3.44,3.44,-1.33,-1.0,33.3,0.04,3,9656.26,FIXED_SL_AND_TP,Top Base Long Only,Top Base Long Only | Fixed SL 3.0% + TP 20.0% [WAIT_NEXT_FLIP]
EMA_CROSS_LONG_ONLY,208,224.0,PCT,3.0,PCT,30.0,PCT,0.0,0.0,0.0,WAIT_NEXT_FLIP,-3.44,3.44,-1.33,-1.0,33.3,0.04,3,9656.26,FIXED_SL_AND_TP,Top Base Long Only,Top Base Long Only | Fixed SL 3.0% + TP 30.0% [WAIT_NEXT_FLIP]
EMA_CROSS_LONG_ONLY,208,224.0,PCT,5.0,PCT,10.0,PCT,0.0,0.0,0.0,WAIT_NEXT_FLIP,9.37,0.39,1.2,23.73,50.0,25.13,2,10936.66,FIXED_SL_AND_TP,Top Base Long Only,Top Base Long Only | Fixed SL 5.0% + TP 10.0% [WAIT_NEXT_FLIP]
EMA_CROSS_LONG_ONLY,208,224.0,PCT,5.0,PCT,20.0,PCT,0.0,0.0,0.0,WAIT_NEXT_FLIP,-5.43,5.43,-1.31,-1.0,33.3,0.03,3,9456.75,FIXED_SL_AND_TP,Top Base Long Only,Top Base Long Only | Fixed SL 5.0% + TP 20.0% [WAIT_NEXT_FLIP]
EMA_CROSS_LONG_ONLY,208,224.0,PCT,5.0,PCT,30.0,PCT,0.0,0.0,0.0,WAIT_NEXT_FLIP,-5.43,5.43,-1.31,-1.0,33.3,0.03,3,9456.75,FIXED_SL_AND_TP,Top Base Long Only,Top Base Long Only | Fixed SL 5.0% + TP 30.0% [WAIT_NEXT_FLIP]
EMA_CROSS_LONG_ONLY,208,224.0,PCT,10.0,PCT,10.0,PCT,0.0,0.0,0.0,WAIT_NEXT_FLIP,9.37,0.39,1.2,23.73,50.0,25.13,2,10936.66,FIXED_SL_AND_TP,Top Base Long Only,Top Base Long Only | Fixed SL 10.0% + TP 10.0% [WAIT_NEXT_FLIP]
EMA_CROSS_LONG_ONLY,208,224.0,PCT,10.0,PCT,20.0,PCT,0.0,0.0,0.0,WAIT_NEXT_FLIP,27.53,4.87,1.49,5.65,62.5,5.45,8,12752.53,FIXED_SL_AND_TP,Top Base Long Only,Top Base Long Only | Fixed SL 10.0% + TP 20.0% [WAIT_NEXT_FLIP]
EMA_CROSS_LONG_ONLY,208,224.0,PCT,10.0,PCT,30.0,PCT,0.0,0.0,0.0,WAIT_NEXT_FLIP,38.17,4.87,1.45,7.84,62.5,7.12,8,13817.01,FIXED_SL_AND_TP,Top Base Long Only,Top Base Long Only | Fixed SL 10.0% + TP 30.0% [WAIT_NEXT_FLIP]
EMA_CROSS_LONG_ONLY,208,224.0,PCT,0.0,PCT,15.0,PCT,3.0,0.0,0.0,WAIT_NEXT_FLIP,6.99,0.39,1.18,17.7,50.0,19.0,2,10698.7,TRAILING_SL_AND_FIXED_TP,Top Base Long Only,Top Base Long Only | TSL 3.0% + Fixed TP 15.0% [WAIT_NEXT_FLIP]
EMA_CROSS_LONG_ONLY,208,224.0,PCT,0.0,PCT,30.0,PCT,3.0,0.0,0.0,WAIT_NEXT_FLIP,6.99,0.39,1.18,17.7,50.0,19.0,2,10698.7,TRAILING_SL_AND_FIXED_TP,Top Base Long Only,Top Base Long Only | TSL 3.0% + Fixed TP 30.0% [WAIT_NEXT_FLIP]
EMA_CROSS_LONG_ONLY,208,224.0,PCT,0.0,PCT,15.0,PCT,5.0,0.0,0.0,WAIT_NEXT_FLIP,4.78,0.39,1.15,12.1,50.0,13.31,2,10477.7,TRAILING_SL_AND_FIXED_TP,Top Base Long Only,Top Base Long Only | TSL 5.0% + Fixed TP 15.0% [WAIT_NEXT_FLIP]
EMA_CROSS_LONG_ONLY,208,224.0,PCT,0.0,PCT,30.0,PCT,5.0,0.0,0.0,WAIT_NEXT_FLIP,4.78,0.39,1.15,12.1,50.0,13.31,2,10477.7,TRAILING_SL_AND_FIXED_TP,Top Base Long Only,Top Base Long Only | TSL 5.0% + Fixed TP 30.0% [WAIT_NEXT_FLIP]
PRICE_EMA_SAR,82,,PCT,0.0,PCT,0.0,PCT,0.0,0.0,0.0,WAIT_NEXT_FLIP,5.85,23.79,0.4,0.25,18.1,1.14,155,10584.66,NO_SL_NO_TP,Top Single EMA SAR,Top Single EMA SAR | Raw Signal Flip [WAIT_NEXT_FLIP]
PRICE_EMA_SAR,82,,PCT,1.0,PCT,0.0,PCT,0.0,0.0,0.0,WAIT_NEXT_FLIP,9.58,21.73,0.51,0.44,17.8,1.15,169,10958.36,FIXED_SL_ONLY,Top Single EMA SAR,Top Single EMA SAR | Fixed SL 1.0% [WAIT_NEXT_FLIP]
PRICE_EMA_SAR,82,,PCT,2.0,PCT,0.0,PCT,0.0,0.0,0.0,WAIT_NEXT_FLIP,-13.06,34.84,-0.22,-0.37,17.2,0.94,157,8693.86,FIXED_SL_ONLY,Top Single EMA SAR,Top Single EMA SAR | Fixed SL 2.0% [WAIT_NEXT_FLIP]
PRICE_EMA_SAR,82,,PCT,3.0,PCT,0.0,PCT,0.0,0.0,0.0,WAIT_NEXT_FLIP,57.15,14.34,1.42,3.98,20.4,1.61,157,15714.77,FIXED_SL_ONLY,Top Single EMA SAR,Top Single EMA SAR | Fixed SL 3.0% [WAIT_NEXT_FLIP]
PRICE_EMA_SAR,82,,PCT,5.0,PCT,0.0,PCT,0.0,0.0,0.0,WAIT_NEXT_FLIP,2.47,25.54,0.29,0.1,18.1,1.1,155,10246.89,FIXED_SL_ONLY,Top Single EMA SAR,Top Single EMA SAR | Fixed SL 5.0% [WAIT_NEXT_FLIP]
PRICE_EMA_SAR,82,,PCT,7.5,PCT,0.0,PCT,0.0,0.0,0.0,WAIT_NEXT_FLIP,5.85,23.79,0.4,0.25,18.1,1.14,155,10584.66,FIXED_SL_ONLY,Top Single EMA SAR,Top Single EMA SAR | Fixed SL 7.5% [WAIT_NEXT_FLIP]
PRICE_EMA_SAR,82,,PCT,10.0,PCT,0.0,PCT,0.0,0.0,0.0,WAIT_NEXT_FLIP,5.85,23.79,0.4,0.25,18.1,1.14,155,10584.66,FIXED_SL_ONLY,Top Single EMA SAR,Top Single EMA SAR | Fixed SL 10.0% [WAIT_NEXT_FLIP]
PRICE_EMA_SAR,82,,PCT,15.0,PCT,0.0,PCT,0.0,0.0,0.0,WAIT_NEXT_FLIP,5.85,23.79,0.4,0.25,18.1,1.14,155,10584.66,FIXED_SL_ONLY,Top Single EMA SAR,Top Single EMA SAR | Fixed SL 15.0% [WAIT_NEXT_FLIP]
PRICE_EMA_SAR,82,,PCT,20.0,PCT,0.0,PCT,0.0,0.0,0.0,WAIT_NEXT_FLIP,5.85,23.79,0.4,0.25,18.1,1.14,155,10584.66,FIXED_SL_ONLY,Top Single EMA SAR,Top Single EMA SAR | Fixed SL 20.0% [WAIT_NEXT_FLIP]
PRICE_EMA_SAR,82,,PRICE,25.0,PCT,0.0,PCT,0.0,0.0,0.0,WAIT_NEXT_FLIP,-2.39,26.94,0.15,-0.09,0.0,0.0,0,9760.55,FIXED_SL_ONLY,Top Single EMA SAR,Top Single EMA SAR | Fixed SL $25 [WAIT_NEXT_FLIP]
PRICE_EMA_SAR,82,,PRICE,50.0,PCT,0.0,PCT,0.0,0.0,0.0,WAIT_NEXT_FLIP,54.54,14.34,1.38,3.8,0.0,0.0,0,15454.42,FIXED_SL_ONLY,Top Single EMA SAR,Top Single EMA SAR | Fixed SL $50 [WAIT_NEXT_FLIP]
PRICE_EMA_SAR,82,,PRICE,100.0,PCT,0.0,PCT,0.0,0.0,0.0,WAIT_NEXT_FLIP,2.31,25.66,0.29,0.09,0.0,0.0,0,10231.13,FIXED_SL_ONLY,Top Single EMA SAR,Top Single EMA SAR | Fixed SL $100 [WAIT_NEXT_FLIP]
PRICE_EMA_SAR,82,,PRICE,200.0,PCT,0.0,PCT,0.0,0.0,0.0,WAIT_NEXT_FLIP,5.85,23.79,0.4,0.25,0.0,0.0,0,10584.66,FIXED_SL_ONLY,Top Single EMA SAR,Top Single EMA SAR | Fixed SL $200 [WAIT_NEXT_FLIP]
PRICE_EMA_SAR,82,,PRICE,500.0,PCT,0.0,PCT,0.0,0.0,0.0,WAIT_NEXT_FLIP,5.85,23.79,0.4,0.25,0.0,0.0,0,10584.66,FIXED_SL_ONLY,Top Single EMA SAR,Top Single EMA SAR | Fixed SL $500 [WAIT_NEXT_FLIP]
PRICE_EMA_SAR,82,,PCT,0.0,PCT,2.0,PCT,0.0,0.0,0.0,WAIT_NEXT_FLIP,8.21,16.16,0.69,0.51,29.7,1.1,182,10821.23,FIXED_TP_ONLY,Top Single EMA SAR,Top Single EMA SAR | Fixed TP 2.0% [WAIT_NEXT_FLIP]
PRICE_EMA_SAR,82,,PCT,0.0,PCT,4.0,PCT,0.0,0.0,0.0,WAIT_NEXT_FLIP,-13.51,27.53,-0.79,-0.49,18.8,0.87,165,8649.39,FIXED_TP_ONLY,Top Single EMA SAR,Top Single EMA SAR | Fixed TP 4.0% [WAIT_NEXT_FLIP]
PRICE_EMA_SAR,82,,PCT,0.0,PCT,6.0,PCT,0.0,0.0,0.0,WAIT_NEXT_FLIP,-13.72,26.97,-0.68,-0.51,16.8,0.87,161,8628.25,FIXED_TP_ONLY,Top Single EMA SAR,Top Single EMA SAR | Fixed TP 6.0% [WAIT_NEXT_FLIP]
PRICE_EMA_SAR,82,,PCT,0.0,PCT,10.0,PCT,0.0,0.0,0.0,WAIT_NEXT_FLIP,-5.79,17.54,-0.11,-0.33,16.5,0.97,158,9421.18,FIXED_TP_ONLY,Top Single EMA SAR,Top Single EMA SAR | Fixed TP 10.0% [WAIT_NEXT_FLIP]
PRICE_EMA_SAR,82,,PCT,0.0,PCT,15.0,PCT,0.0,0.0,0.0,WAIT_NEXT_FLIP,-6.02,26.7,-0.11,-0.23,17.3,0.97,156,9398.22,FIXED_TP_ONLY,Top Single EMA SAR,Top Single EMA SAR | Fixed TP 15.0% [WAIT_NEXT_FLIP]
PRICE_EMA_SAR,82,,PCT,0.0,PCT,20.0,PCT,0.0,0.0,0.0,WAIT_NEXT_FLIP,12.29,26.7,0.61,0.46,17.3,1.19,156,11229.02,FIXED_TP_ONLY,Top Single EMA SAR,Top Single EMA SAR | Fixed TP 20.0% [WAIT_NEXT_FLIP]
PRICE_EMA_SAR,82,,PCT,0.0,PCT,30.0,PCT,0.0,0.0,0.0,WAIT_NEXT_FLIP,31.82,26.7,0.99,1.19,17.3,1.41,156,13181.89,FIXED_TP_ONLY,Top Single EMA SAR,Top Single EMA SAR | Fixed TP 30.0% [WAIT_NEXT_FLIP]
PRICE_EMA_SAR,82,,PCT,0.0,PCT,50.0,PCT,0.0,0.0,0.0,WAIT_NEXT_FLIP,5.85,23.79,0.4,0.25,18.1,1.14,155,10584.66,FIXED_TP_ONLY,Top Single EMA SAR,Top Single EMA SAR | Fixed TP 50.0% [WAIT_NEXT_FLIP]
PRICE_EMA_SAR,82,,PCT,0.0,PCT,100.0,PCT,0.0,0.0,0.0,WAIT_NEXT_FLIP,5.85,23.79,0.4,0.25,18.1,1.14,155,10584.66,FIXED_TP_ONLY,Top Single EMA SAR,Top Single EMA SAR | Fixed TP 100.0% [WAIT_NEXT_FLIP]
PRICE_EMA_SAR,82,,PCT,0.0,PRICE,50.0,PCT,0.0,0.0,0.0,WAIT_NEXT_FLIP,0.11,19.53,0.12,0.01,0.0,0.0,0,10010.74,FIXED_TP_ONLY,Top Single EMA SAR,Top Single EMA SAR | Fixed TP $50 [WAIT_NEXT_FLIP]
PRICE_EMA_SAR,82,,PCT,0.0,PRICE,100.0,PCT,0.0,0.0,0.0,WAIT_NEXT_FLIP,-2.15,25.5,0.02,-0.08,0.0,0.0,0,9785.17,FIXED_TP_ONLY,Top Single EMA SAR,Top Single EMA SAR | Fixed TP $100 [WAIT_NEXT_FLIP]
PRICE_EMA_SAR,82,,PCT,0.0,PRICE,200.0,PCT,0.0,0.0,0.0,WAIT_NEXT_FLIP,-9.48,17.67,-0.3,-0.54,0.0,0.0,0,9051.66,FIXED_TP_ONLY,Top Single EMA SAR,Top Single EMA SAR | Fixed TP $200 [WAIT_NEXT_FLIP]
PRICE_EMA_SAR,82,,PCT,0.0,PRICE,500.0,PCT,0.0,0.0,0.0,WAIT_NEXT_FLIP,15.25,26.7,0.68,0.57,0.0,0.0,0,11525.34,FIXED_TP_ONLY,Top Single EMA SAR,Top Single EMA SAR | Fixed TP $500 [WAIT_NEXT_FLIP]
PRICE_EMA_SAR,82,,PCT,0.0,PRICE,1000.0,PCT,0.0,0.0,0.0,WAIT_NEXT_FLIP,33.69,26.7,1.01,1.26,0.0,0.0,0,13368.9,FIXED_TP_ONLY,Top Single EMA SAR,Top Single EMA SAR | Fixed TP $1000 [WAIT_NEXT_FLIP]
PRICE_EMA_SAR,82,,PCT,0.0,PCT,0.0,PCT,1.0,0.0,0.0,WAIT_NEXT_FLIP,-50.8,50.8,-7.45,-1.0,20.8,0.34,216,4919.69,TRAILING_SL_ONLY,Top Single EMA SAR,Top Single EMA SAR | Trailing SL 1.0% [WAIT_NEXT_FLIP]
PRICE_EMA_SAR,82,,PCT,0.0,PCT,0.0,PCT,2.0,0.0,0.0,WAIT_NEXT_FLIP,-54.25,54.84,-6.45,-0.99,20.2,0.36,193,4575.37,TRAILING_SL_ONLY,Top Single EMA SAR,Top Single EMA SAR | Trailing SL 2.0% [WAIT_NEXT_FLIP]
PRICE_EMA_SAR,82,,PCT,0.0,PCT,0.0,PCT,3.0,0.0,0.0,WAIT_NEXT_FLIP,-23.04,37.57,-1.35,-0.61,19.8,0.77,177,7696.0,TRAILING_SL_ONLY,Top Single EMA SAR,Top Single EMA SAR | Trailing SL 3.0% [WAIT_NEXT_FLIP]
PRICE_EMA_SAR,82,,PCT,0.0,PCT,0.0,PCT,5.0,0.0,0.0,WAIT_NEXT_FLIP,-13.1,19.7,-0.68,-0.67,19.9,0.87,161,8689.62,TRAILING_SL_ONLY,Top Single EMA SAR,Top Single EMA SAR | Trailing SL 5.0% [WAIT_NEXT_FLIP]
PRICE_EMA_SAR,82,,PCT,0.0,PCT,0.0,PCT,7.5,0.0,0.0,WAIT_NEXT_FLIP,2.7,34.96,0.3,0.08,16.6,1.1,157,10270.28,TRAILING_SL_ONLY,Top Single EMA SAR,Top Single EMA SAR | Trailing SL 7.5% [WAIT_NEXT_FLIP]
PRICE_EMA_SAR,82,,PCT,0.0,PCT,0.0,PCT,10.0,0.0,0.0,WAIT_NEXT_FLIP,16.25,26.7,0.7,0.61,17.3,1.24,156,11624.76,TRAILING_SL_ONLY,Top Single EMA SAR,Top Single EMA SAR | Trailing SL 10.0% [WAIT_NEXT_FLIP]
PRICE_EMA_SAR,82,,PCT,0.0,PCT,0.0,PCT,15.0,0.0,0.0,WAIT_NEXT_FLIP,31.97,26.7,0.99,1.2,17.3,1.41,156,13197.35,TRAILING_SL_ONLY,Top Single EMA SAR,Top Single EMA SAR | Trailing SL 15.0% [WAIT_NEXT_FLIP]
PRICE_EMA_SAR,82,,PCT,0.0,PCT,0.0,PCT,0.0,5.0,1.0,WAIT_NEXT_FLIP,-31.34,34.52,-2.78,-0.91,17.9,0.61,162,6865.78,TRAILING_TP_ONLY,Top Single EMA SAR,"Top Single EMA SAR | Trailing TP (Act 5.0%, Call 1.0%) [WAIT_NEXT_FLIP]"
PRICE_EMA_SAR,82,,PCT,0.0,PCT,0.0,PCT,0.0,5.0,2.0,WAIT_NEXT_FLIP,-29.18,33.52,-2.4,-0.87,17.9,0.65,162,7082.32,TRAILING_TP_ONLY,Top Single EMA SAR,"Top Single EMA SAR | Trailing TP (Act 5.0%, Call 2.0%) [WAIT_NEXT_FLIP]"
PRICE_EMA_SAR,82,,PCT,0.0,PCT,0.0,PCT,0.0,10.0,2.0,WAIT_NEXT_FLIP,-11.75,17.54,-0.47,-0.67,16.5,0.9,158,8824.89,TRAILING_TP_ONLY,Top Single EMA SAR,"Top Single EMA SAR | Trailing TP (Act 10.0%, Call 2.0%) [WAIT_NEXT_FLIP]"
PRICE_EMA_SAR,82,,PCT,0.0,PCT,0.0,PCT,0.0,10.0,3.0,WAIT_NEXT_FLIP,-13.29,17.54,-0.58,-0.76,16.5,0.88,158,8671.16,TRAILING_TP_ONLY,Top Single EMA SAR,"Top Single EMA SAR | Trailing TP (Act 10.0%, Call 3.0%) [WAIT_NEXT_FLIP]"
PRICE_EMA_SAR,82,,PCT,0.0,PCT,0.0,PCT,0.0,15.0,3.0,WAIT_NEXT_FLIP,-11.1,26.7,-0.44,-0.42,17.3,0.9,156,8889.91,TRAILING_TP_ONLY,Top Single EMA SAR,"Top Single EMA SAR | Trailing TP (Act 15.0%, Call 3.0%) [WAIT_NEXT_FLIP]"
PRICE_EMA_SAR,82,,PCT,0.0,PCT,0.0,PCT,0.0,20.0,5.0,WAIT_NEXT_FLIP,8.55,26.7,0.5,0.32,17.3,1.15,156,10854.93,TRAILING_TP_ONLY,Top Single EMA SAR,"Top Single EMA SAR | Trailing TP (Act 20.0%, Call 5.0%) [WAIT_NEXT_FLIP]"
PRICE_EMA_SAR,82,,PCT,0.0,PCT,0.0,PCT,0.0,30.0,5.0,WAIT_NEXT_FLIP,30.53,26.7,0.97,1.14,17.3,1.39,156,13052.66,TRAILING_TP_ONLY,Top Single EMA SAR,"Top Single EMA SAR | Trailing TP (Act 30.0%, Call 5.0%) [WAIT_NEXT_FLIP]"
PRICE_EMA_SAR,82,,PCT,3.0,PCT,10.0,PCT,0.0,0.0,0.0,WAIT_NEXT_FLIP,-2.16,17.54,0.08,-0.12,17.0,1.02,159,9784.28,FIXED_SL_AND_TP,Top Single EMA SAR,Top Single EMA SAR | Fixed SL 3.0% + TP 10.0% [WAIT_NEXT_FLIP]
PRICE_EMA_SAR,82,,PCT,3.0,PCT,20.0,PCT,0.0,0.0,0.0,WAIT_NEXT_FLIP,35.62,14.34,1.17,2.48,18.5,1.41,157,13562.3,FIXED_SL_AND_TP,Top Single EMA SAR,Top Single EMA SAR | Fixed SL 3.0% + TP 20.0% [WAIT_NEXT_FLIP]
PRICE_EMA_SAR,82,,PCT,3.0,PCT,30.0,PCT,0.0,0.0,0.0,WAIT_NEXT_FLIP,53.72,14.34,1.34,3.75,19.1,1.58,157,15371.89,FIXED_SL_AND_TP,Top Single EMA SAR,Top Single EMA SAR | Fixed SL 3.0% + TP 30.0% [WAIT_NEXT_FLIP]
PRICE_EMA_SAR,82,,PCT,5.0,PCT,10.0,PCT,0.0,0.0,0.0,WAIT_NEXT_FLIP,-8.79,17.54,-0.25,-0.5,16.5,0.94,158,9120.54,FIXED_SL_AND_TP,Top Single EMA SAR,Top Single EMA SAR | Fixed SL 5.0% + TP 10.0% [WAIT_NEXT_FLIP]
PRICE_EMA_SAR,82,,PCT,5.0,PCT,20.0,PCT,0.0,0.0,0.0,WAIT_NEXT_FLIP,12.29,26.7,0.61,0.46,17.3,1.19,156,11229.02,FIXED_SL_AND_TP,Top Single EMA SAR,Top Single EMA SAR | Fixed SL 5.0% + TP 20.0% [WAIT_NEXT_FLIP]
PRICE_EMA_SAR,82,,PCT,5.0,PCT,30.0,PCT,0.0,0.0,0.0,WAIT_NEXT_FLIP,31.82,26.7,0.99,1.19,17.3,1.41,156,13181.89,FIXED_SL_AND_TP,Top Single EMA SAR,Top Single EMA SAR | Fixed SL 5.0% + TP 30.0% [WAIT_NEXT_FLIP]
PRICE_EMA_SAR,82,,PCT,10.0,PCT,10.0,PCT,0.0,0.0,0.0,WAIT_NEXT_FLIP,-5.79,17.54,-0.11,-0.33,16.5,0.97,158,9421.18,FIXED_SL_AND_TP,Top Single EMA SAR,Top Single EMA SAR | Fixed SL 10.0% + TP 10.0% [WAIT_NEXT_FLIP]
PRICE_EMA_SAR,82,,PCT,10.0,PCT,20.0,PCT,0.0,0.0,0.0,WAIT_NEXT_FLIP,12.29,26.7,0.61,0.46,17.3,1.19,156,11229.02,FIXED_SL_AND_TP,Top Single EMA SAR,Top Single EMA SAR | Fixed SL 10.0% + TP 20.0% [WAIT_NEXT_FLIP]
PRICE_EMA_SAR,82,,PCT,10.0,PCT,30.0,PCT,0.0,0.0,0.0,WAIT_NEXT_FLIP,31.82,26.7,0.99,1.19,17.3,1.41,156,13181.89,FIXED_SL_AND_TP,Top Single EMA SAR,Top Single EMA SAR | Fixed SL 10.0% + TP 30.0% [WAIT_NEXT_FLIP]
PRICE_EMA_SAR,82,,PCT,0.0,PCT,15.0,PCT,3.0,0.0,0.0,WAIT_NEXT_FLIP,-23.04,37.57,-1.35,-0.61,19.8,0.77,177,7696.0,TRAILING_SL_AND_FIXED_TP,Top Single EMA SAR,Top Single EMA SAR | TSL 3.0% + Fixed TP 15.0% [WAIT_NEXT_FLIP]
PRICE_EMA_SAR,82,,PCT,0.0,PCT,30.0,PCT,3.0,0.0,0.0,WAIT_NEXT_FLIP,-23.04,37.57,-1.35,-0.61,19.8,0.77,177,7696.0,TRAILING_SL_AND_FIXED_TP,Top Single EMA SAR,Top Single EMA SAR | TSL 3.0% + Fixed TP 30.0% [WAIT_NEXT_FLIP]
PRICE_EMA_SAR,82,,PCT,0.0,PCT,15.0,PCT,5.0,0.0,0.0,WAIT_NEXT_FLIP,-13.1,19.7,-0.68,-0.67,19.9,0.87,161,8689.62,TRAILING_SL_AND_FIXED_TP,Top Single EMA SAR,Top Single EMA SAR | TSL 5.0% + Fixed TP 15.0% [WAIT_NEXT_FLIP]
PRICE_EMA_SAR,82,,PCT,0.0,PCT,30.0,PCT,5.0,0.0,0.0,WAIT_NEXT_FLIP,-13.1,19.7,-0.68,-0.67,19.9,0.87,161,8689.62,TRAILING_SL_AND_FIXED_TP,Top Single EMA SAR,Top Single EMA SAR | TSL 5.0% + Fixed TP 30.0% [WAIT_NEXT_FLIP]
EMA_CROSS_SAR,209,223.0,PCT,0.0,PCT,0.0,PCT,0.0,0.0,0.0,RE_ENTER_IMMEDIATE,93.84,9.48,1.96,9.9,43.8,5.39,16,19384.24,NO_SL_NO_TP,Top Base SAR,Top Base SAR | Raw Signal Flip [RE_ENTER_IMMEDIATE]
EMA_CROSS_SAR,209,223.0,PCT,1.0,PCT,0.0,PCT,0.0,0.0,0.0,RE_ENTER_IMMEDIATE,9.33,39.09,0.49,0.24,13.4,1.23,82,10933.05,FIXED_SL_ONLY,Top Base SAR,Top Base SAR | Fixed SL 1.0% [RE_ENTER_IMMEDIATE]
EMA_CROSS_SAR,209,223.0,PCT,2.0,PCT,0.0,PCT,0.0,0.0,0.0,RE_ENTER_IMMEDIATE,39.66,26.81,1.08,1.48,21.4,1.7,42,13965.54,FIXED_SL_ONLY,Top Base SAR,Top Base SAR | Fixed SL 2.0% [RE_ENTER_IMMEDIATE]
EMA_CROSS_SAR,209,223.0,PCT,3.0,PCT,0.0,PCT,0.0,0.0,0.0,RE_ENTER_IMMEDIATE,76.13,17.11,1.69,4.45,29.2,2.99,24,17613.38,FIXED_SL_ONLY,Top Base SAR,Top Base SAR | Fixed SL 3.0% [RE_ENTER_IMMEDIATE]
EMA_CROSS_SAR,209,223.0,PCT,5.0,PCT,0.0,PCT,0.0,0.0,0.0,RE_ENTER_IMMEDIATE,86.5,12.23,1.84,7.07,36.8,3.89,19,18650.5,FIXED_SL_ONLY,Top Base SAR,Top Base SAR | Fixed SL 5.0% [RE_ENTER_IMMEDIATE]
EMA_CROSS_SAR,209,223.0,PCT,7.5,PCT,0.0,PCT,0.0,0.0,0.0,RE_ENTER_IMMEDIATE,93.84,9.48,1.96,9.9,43.8,5.39,16,19384.24,FIXED_SL_ONLY,Top Base SAR,Top Base SAR | Fixed SL 7.5% [RE_ENTER_IMMEDIATE]
EMA_CROSS_SAR,209,223.0,PCT,10.0,PCT,0.0,PCT,0.0,0.0,0.0,RE_ENTER_IMMEDIATE,93.84,9.48,1.96,9.9,43.8,5.39,16,19384.24,FIXED_SL_ONLY,Top Base SAR,Top Base SAR | Fixed SL 10.0% [RE_ENTER_IMMEDIATE]
EMA_CROSS_SAR,209,223.0,PCT,15.0,PCT,0.0,PCT,0.0,0.0,0.0,RE_ENTER_IMMEDIATE,93.84,9.48,1.96,9.9,43.8,5.39,16,19384.24,FIXED_SL_ONLY,Top Base SAR,Top Base SAR | Fixed SL 15.0% [RE_ENTER_IMMEDIATE]
EMA_CROSS_SAR,209,223.0,PCT,20.0,PCT,0.0,PCT,0.0,0.0,0.0,RE_ENTER_IMMEDIATE,93.84,9.48,1.96,9.9,43.8,5.39,16,19384.24,FIXED_SL_ONLY,Top Base SAR,Top Base SAR | Fixed SL 20.0% [RE_ENTER_IMMEDIATE]
EMA_CROSS_SAR,209,223.0,PRICE,25.0,PCT,0.0,PCT,0.0,0.0,0.0,RE_ENTER_IMMEDIATE,23.98,33.94,0.8,0.71,0.0,0.0,0,12398.08,FIXED_SL_ONLY,Top Base SAR,Top Base SAR | Fixed SL $25 [RE_ENTER_IMMEDIATE]
EMA_CROSS_SAR,209,223.0,PRICE,50.0,PCT,0.0,PCT,0.0,0.0,0.0,RE_ENTER_IMMEDIATE,53.12,22.55,1.31,2.36,0.0,0.0,0,15311.77,FIXED_SL_ONLY,Top Base SAR,Top Base SAR | Fixed SL $50 [RE_ENTER_IMMEDIATE]
EMA_CROSS_SAR,209,223.0,PRICE,100.0,PCT,0.0,PCT,0.0,0.0,0.0,RE_ENTER_IMMEDIATE,87.0,12.0,1.85,7.25,0.0,0.0,0,18699.78,FIXED_SL_ONLY,Top Base SAR,Top Base SAR | Fixed SL $100 [RE_ENTER_IMMEDIATE]
EMA_CROSS_SAR,209,223.0,PRICE,200.0,PCT,0.0,PCT,0.0,0.0,0.0,RE_ENTER_IMMEDIATE,93.84,9.48,1.96,9.9,0.0,0.0,0,19384.24,FIXED_SL_ONLY,Top Base SAR,Top Base SAR | Fixed SL $200 [RE_ENTER_IMMEDIATE]
EMA_CROSS_SAR,209,223.0,PRICE,500.0,PCT,0.0,PCT,0.0,0.0,0.0,RE_ENTER_IMMEDIATE,93.84,9.48,1.96,9.9,0.0,0.0,0,19384.24,FIXED_SL_ONLY,Top Base SAR,Top Base SAR | Fixed SL $500 [RE_ENTER_IMMEDIATE]
EMA_CROSS_SAR,209,223.0,PCT,0.0,PCT,2.0,PCT,0.0,0.0,0.0,RE_ENTER_IMMEDIATE,513.28,15.64,6.14,32.83,89.5,3.11,153,61327.97,FIXED_TP_ONLY,Top Base SAR,Top Base SAR | Fixed TP 2.0% [RE_ENTER_IMMEDIATE]
EMA_CROSS_SAR,209,223.0,PCT,0.0,PCT,4.0,PCT,0.0,0.0,0.0,RE_ENTER_IMMEDIATE,415.82,15.89,5.2,26.17,80.5,3.12,82,51582.32,FIXED_TP_ONLY,Top Base SAR,Top Base SAR | Fixed TP 4.0% [RE_ENTER_IMMEDIATE]
EMA_CROSS_SAR,209,223.0,PCT,0.0,PCT,6.0,PCT,0.0,0.0,0.0,RE_ENTER_IMMEDIATE,303.73,18.38,4.38,16.52,69.8,3.25,53,40373.33,FIXED_TP_ONLY,Top Base SAR,Top Base SAR | Fixed TP 6.0% [RE_ENTER_IMMEDIATE]
EMA_CROSS_SAR,209,223.0,PCT,0.0,PCT,10.0,PCT,0.0,0.0,0.0,RE_ENTER_IMMEDIATE,215.79,12.51,3.41,17.24,58.8,3.34,34,31578.84,FIXED_TP_ONLY,Top Base SAR,Top Base SAR | Fixed TP 10.0% [RE_ENTER_IMMEDIATE]
EMA_CROSS_SAR,209,223.0,PCT,0.0,PCT,15.0,PCT,0.0,0.0,0.0,RE_ENTER_IMMEDIATE,142.17,20.12,2.69,7.07,50.0,3.81,24,24216.62,FIXED_TP_ONLY,Top Base SAR,Top Base SAR | Fixed TP 15.0% [RE_ENTER_IMMEDIATE]
EMA_CROSS_SAR,209,223.0,PCT,0.0,PCT,20.0,PCT,0.0,0.0,0.0,RE_ENTER_IMMEDIATE,119.76,9.48,2.55,12.64,50.0,5.83,20,21976.39,FIXED_TP_ONLY,Top Base SAR,Top Base SAR | Fixed TP 20.0% [RE_ENTER_IMMEDIATE]
EMA_CROSS_SAR,209,223.0,PCT,0.0,PCT,30.0,PCT,0.0,0.0,0.0,RE_ENTER_IMMEDIATE,91.38,9.98,1.79,9.16,42.1,3.73,19,19137.94,FIXED_TP_ONLY,Top Base SAR,Top Base SAR | Fixed TP 30.0% [RE_ENTER_IMMEDIATE]
EMA_CROSS_SAR,209,223.0,PCT,0.0,PCT,50.0,PCT,0.0,0.0,0.0,RE_ENTER_IMMEDIATE,93.84,9.48,1.96,9.9,43.8,5.39,16,19384.24,FIXED_TP_ONLY,Top Base SAR,Top Base SAR | Fixed TP 50.0% [RE_ENTER_IMMEDIATE]
EMA_CROSS_SAR,209,223.0,PCT,0.0,PCT,100.0,PCT,0.0,0.0,0.0,RE_ENTER_IMMEDIATE,93.84,9.48,1.96,9.9,43.8,5.39,16,19384.24,FIXED_TP_ONLY,Top Base SAR,Top Base SAR | Fixed TP 100.0% [RE_ENTER_IMMEDIATE]
EMA_CROSS_SAR,209,223.0,PCT,0.0,PRICE,50.0,PCT,0.0,0.0,0.0,RE_ENTER_IMMEDIATE,511.64,15.89,6.0,32.2,0.0,0.0,0,61164.02,FIXED_TP_ONLY,Top Base SAR,Top Base SAR | Fixed TP $50 [RE_ENTER_IMMEDIATE]
EMA_CROSS_SAR,209,223.0,PCT,0.0,PRICE,100.0,PCT,0.0,0.0,0.0,RE_ENTER_IMMEDIATE,358.06,16.2,4.93,22.11,0.0,0.0,0,45806.42,FIXED_TP_ONLY,Top Base SAR,Top Base SAR | Fixed TP $100 [RE_ENTER_IMMEDIATE]
EMA_CROSS_SAR,209,223.0,PCT,0.0,PRICE,200.0,PCT,0.0,0.0,0.0,RE_ENTER_IMMEDIATE,200.31,16.06,3.26,12.48,0.0,0.0,0,30030.78,FIXED_TP_ONLY,Top Base SAR,Top Base SAR | Fixed TP $200 [RE_ENTER_IMMEDIATE]
EMA_CROSS_SAR,209,223.0,PCT,0.0,PRICE,500.0,PCT,0.0,0.0,0.0,RE_ENTER_IMMEDIATE,109.41,9.48,2.33,11.54,0.0,0.0,0,20940.77,FIXED_TP_ONLY,Top Base SAR,Top Base SAR | Fixed TP $500 [RE_ENTER_IMMEDIATE]
EMA_CROSS_SAR,209,223.0,PCT,0.0,PRICE,1000.0,PCT,0.0,0.0,0.0,RE_ENTER_IMMEDIATE,95.73,9.48,1.94,10.1,0.0,0.0,0,19573.05,FIXED_TP_ONLY,Top Base SAR,Top Base SAR | Fixed TP $1000 [RE_ENTER_IMMEDIATE]
EMA_CROSS_SAR,209,223.0,PCT,0.0,PCT,0.0,PCT,1.0,0.0,0.0,RE_ENTER_IMMEDIATE,-99.99,99.99,-22.98,-1.0,29.9,0.34,2035,1.49,TRAILING_SL_ONLY,Top Base SAR,Top Base SAR | Trailing SL 1.0% [RE_ENTER_IMMEDIATE]
EMA_CROSS_SAR,209,223.0,PCT,0.0,PCT,0.0,PCT,2.0,0.0,0.0,RE_ENTER_IMMEDIATE,-99.2,99.32,-12.48,-1.0,33.0,0.4,715,80.23,TRAILING_SL_ONLY,Top Base SAR,Top Base SAR | Trailing SL 2.0% [RE_ENTER_IMMEDIATE]
EMA_CROSS_SAR,209,223.0,PCT,0.0,PCT,0.0,PCT,3.0,0.0,0.0,RE_ENTER_IMMEDIATE,-91.93,93.79,-6.55,-0.98,34.0,0.49,324,807.06,TRAILING_SL_ONLY,Top Base SAR,Top Base SAR | Trailing SL 3.0% [RE_ENTER_IMMEDIATE]
EMA_CROSS_SAR,209,223.0,PCT,0.0,PCT,0.0,PCT,5.0,0.0,0.0,RE_ENTER_IMMEDIATE,-51.74,66.53,-1.78,-0.78,35.8,0.72,109,4826.2,TRAILING_SL_ONLY,Top Base SAR,Top Base SAR | Trailing SL 5.0% [RE_ENTER_IMMEDIATE]
EMA_CROSS_SAR,209,223.0,PCT,0.0,PCT,0.0,PCT,7.5,0.0,0.0,RE_ENTER_IMMEDIATE,2.11,41.9,0.36,0.05,34.7,1.14,49,10211.04,TRAILING_SL_ONLY,Top Base SAR,Top Base SAR | Trailing SL 7.5% [RE_ENTER_IMMEDIATE]
EMA_CROSS_SAR,209,223.0,PCT,0.0,PCT,0.0,PCT,10.0,0.0,0.0,RE_ENTER_IMMEDIATE,46.91,27.43,1.25,1.71,38.7,1.75,31,14691.37,TRAILING_SL_ONLY,Top Base SAR,Top Base SAR | Trailing SL 10.0% [RE_ENTER_IMMEDIATE]
EMA_CROSS_SAR,209,223.0,PCT,0.0,PCT,0.0,PCT,15.0,0.0,0.0,RE_ENTER_IMMEDIATE,72.85,15.03,1.62,4.85,28.6,3.15,21,17285.27,TRAILING_SL_ONLY,Top Base SAR,Top Base SAR | Trailing SL 15.0% [RE_ENTER_IMMEDIATE]
EMA_CROSS_SAR,209,223.0,PCT,0.0,PCT,0.0,PCT,0.0,5.0,1.0,RE_ENTER_IMMEDIATE,92.58,21.89,2.58,4.23,74.6,1.94,63,19258.41,TRAILING_TP_ONLY,Top Base SAR,"Top Base SAR | Trailing TP (Act 5.0%, Call 1.0%) [RE_ENTER_IMMEDIATE]"
EMA_CROSS_SAR,209,223.0,PCT,0.0,PCT,0.0,PCT,0.0,5.0,2.0,RE_ENTER_IMMEDIATE,82.76,23.74,2.38,3.49,74.2,1.86,62,18275.87,TRAILING_TP_ONLY,Top Base SAR,"Top Base SAR | Trailing TP (Act 5.0%, Call 2.0%) [RE_ENTER_IMMEDIATE]"
EMA_CROSS_SAR,209,223.0,PCT,0.0,PCT,0.0,PCT,0.0,10.0,2.0,RE_ENTER_IMMEDIATE,97.84,16.85,2.52,5.81,58.8,2.35,34,19783.91,TRAILING_TP_ONLY,Top Base SAR,"Top Base SAR | Trailing TP (Act 10.0%, Call 2.0%) [RE_ENTER_IMMEDIATE]"
EMA_CROSS_SAR,209,223.0,PCT,0.0,PCT,0.0,PCT,0.0,10.0,3.0,RE_ENTER_IMMEDIATE,89.1,20.48,2.31,4.35,58.8,2.2,34,18909.75,TRAILING_TP_ONLY,Top Base SAR,"Top Base SAR | Trailing TP (Act 10.0%, Call 3.0%) [RE_ENTER_IMMEDIATE]"
EMA_CROSS_SAR,209,223.0,PCT,0.0,PCT,0.0,PCT,0.0,15.0,3.0,RE_ENTER_IMMEDIATE,93.96,20.32,2.23,4.62,50.0,2.79,24,19395.9,TRAILING_TP_ONLY,Top Base SAR,"Top Base SAR | Trailing TP (Act 15.0%, Call 3.0%) [RE_ENTER_IMMEDIATE]"
EMA_CROSS_SAR,209,223.0,PCT,0.0,PCT,0.0,PCT,0.0,20.0,5.0,RE_ENTER_IMMEDIATE,98.01,9.48,2.43,10.34,50.0,5.18,20,19800.57,TRAILING_TP_ONLY,Top Base SAR,"Top Base SAR | Trailing TP (Act 20.0%, Call 5.0%) [RE_ENTER_IMMEDIATE]"
EMA_CROSS_SAR,209,223.0,PCT,0.0,PCT,0.0,PCT,0.0,30.0,5.0,RE_ENTER_IMMEDIATE,76.13,9.81,1.67,7.76,42.1,3.18,19,17613.17,TRAILING_TP_ONLY,Top Base SAR,"Top Base SAR | Trailing TP (Act 30.0%, Call 5.0%) [RE_ENTER_IMMEDIATE]"
EMA_CROSS_SAR,209,223.0,PCT,3.0,PCT,10.0,PCT,0.0,0.0,0.0,RE_ENTER_IMMEDIATE,53.43,42.98,1.3,1.24,27.8,1.3,97,15343.12,FIXED_SL_AND_TP,Top Base SAR,Top Base SAR | Fixed SL 3.0% + TP 10.0% [RE_ENTER_IMMEDIATE]
EMA_CROSS_SAR,209,223.0,PCT,3.0,PCT,20.0,PCT,0.0,0.0,0.0,RE_ENTER_IMMEDIATE,81.44,31.19,1.81,2.61,29.7,2.16,37,18143.52,FIXED_SL_AND_TP,Top Base SAR,Top Base SAR | Fixed SL 3.0% + TP 20.0% [RE_ENTER_IMMEDIATE]
EMA_CROSS_SAR,209,223.0,PCT,3.0,PCT,30.0,PCT,0.0,0.0,0.0,RE_ENTER_IMMEDIATE,58.37,20.36,1.34,2.87,26.5,2.03,34,15836.92,FIXED_SL_AND_TP,Top Base SAR,Top Base SAR | Fixed SL 3.0% + TP 30.0% [RE_ENTER_IMMEDIATE]
EMA_CROSS_SAR,209,223.0,PCT,5.0,PCT,10.0,PCT,0.0,0.0,0.0,RE_ENTER_IMMEDIATE,85.48,36.84,1.72,2.32,40.6,1.47,69,18547.97,FIXED_SL_AND_TP,Top Base SAR,Top Base SAR | Fixed SL 5.0% + TP 10.0% [RE_ENTER_IMMEDIATE]
EMA_CROSS_SAR,209,223.0,PCT,5.0,PCT,20.0,PCT,0.0,0.0,0.0,RE_ENTER_IMMEDIATE,103.81,23.68,2.11,4.38,42.9,2.78,28,20380.55,FIXED_SL_AND_TP,Top Base SAR,Top Base SAR | Fixed SL 5.0% + TP 20.0% [RE_ENTER_IMMEDIATE]
EMA_CROSS_SAR,209,223.0,PCT,5.0,PCT,30.0,PCT,0.0,0.0,0.0,RE_ENTER_IMMEDIATE,66.73,19.23,1.46,3.47,34.6,2.36,26,16673.15,FIXED_SL_AND_TP,Top Base SAR,Top Base SAR | Fixed SL 5.0% + TP 30.0% [RE_ENTER_IMMEDIATE]
EMA_CROSS_SAR,209,223.0,PCT,10.0,PCT,10.0,PCT,0.0,0.0,0.0,RE_ENTER_IMMEDIATE,213.21,13.33,3.09,15.99,57.5,2.57,40,31321.28,FIXED_SL_AND_TP,Top Base SAR,Top Base SAR | Fixed SL 10.0% + TP 10.0% [RE_ENTER_IMMEDIATE]
EMA_CROSS_SAR,209,223.0,PCT,10.0,PCT,20.0,PCT,0.0,0.0,0.0,RE_ENTER_IMMEDIATE,119.76,9.48,2.55,12.64,50.0,5.83,20,21976.39,FIXED_SL_AND_TP,Top Base SAR,Top Base SAR | Fixed SL 10.0% + TP 20.0% [RE_ENTER_IMMEDIATE]
EMA_CROSS_SAR,209,223.0,PCT,10.0,PCT,30.0,PCT,0.0,0.0,0.0,RE_ENTER_IMMEDIATE,88.36,11.4,1.75,7.75,40.0,3.54,20,18835.86,FIXED_SL_AND_TP,Top Base SAR,Top Base SAR | Fixed SL 10.0% + TP 30.0% [RE_ENTER_IMMEDIATE]
EMA_CROSS_SAR,209,223.0,PCT,0.0,PCT,15.0,PCT,3.0,0.0,0.0,RE_ENTER_IMMEDIATE,-91.93,93.79,-6.55,-0.98,34.0,0.49,324,807.06,TRAILING_SL_AND_FIXED_TP,Top Base SAR,Top Base SAR | TSL 3.0% + Fixed TP 15.0% [RE_ENTER_IMMEDIATE]
EMA_CROSS_SAR,209,223.0,PCT,0.0,PCT,30.0,PCT,3.0,0.0,0.0,RE_ENTER_IMMEDIATE,-91.93,93.79,-6.55,-0.98,34.0,0.49,324,807.06,TRAILING_SL_AND_FIXED_TP,Top Base SAR,Top Base SAR | TSL 3.0% + Fixed TP 30.0% [RE_ENTER_IMMEDIATE]
EMA_CROSS_SAR,209,223.0,PCT,0.0,PCT,15.0,PCT,5.0,0.0,0.0,RE_ENTER_IMMEDIATE,-51.32,66.24,-1.73,-0.77,35.5,0.72,110,4867.92,TRAILING_SL_AND_FIXED_TP,Top Base SAR,Top Base SAR | TSL 5.0% + Fixed TP 15.0% [RE_ENTER_IMMEDIATE]
EMA_CROSS_SAR,209,223.0,PCT,0.0,PCT,30.0,PCT,5.0,0.0,0.0,RE_ENTER_IMMEDIATE,-51.74,66.53,-1.78,-0.78,35.8,0.72,109,4826.2,TRAILING_SL_AND_FIXED_TP,Top Base SAR,Top Base SAR | TSL 5.0% + Fixed TP 30.0% [RE_ENTER_IMMEDIATE]
EMA_CROSS_SAR,207,224.0,PCT,0.0,PCT,0.0,PCT,0.0,0.0,0.0,RE_ENTER_IMMEDIATE,91.87,9.48,1.93,9.69,43.8,5.2,16,19186.87,NO_SL_NO_TP,Pyramid Base SAR,Pyramid Base SAR | Raw Signal Flip [RE_ENTER_IMMEDIATE]
EMA_CROSS_SAR,207,224.0,PCT,1.0,PCT,0.0,PCT,0.0,0.0,0.0,RE_ENTER_IMMEDIATE,7.47,39.09,0.45,0.19,13.3,1.2,83,10747.26,FIXED_SL_ONLY,Pyramid Base SAR,Pyramid Base SAR | Fixed SL 1.0% [RE_ENTER_IMMEDIATE]
EMA_CROSS_SAR,207,224.0,PCT,2.0,PCT,0.0,PCT,0.0,0.0,0.0,RE_ENTER_IMMEDIATE,37.42,26.81,1.04,1.4,19.0,1.67,42,13742.03,FIXED_SL_ONLY,Pyramid Base SAR,Pyramid Base SAR | Fixed SL 2.0% [RE_ENTER_IMMEDIATE]
EMA_CROSS_SAR,207,224.0,PCT,3.0,PCT,0.0,PCT,0.0,0.0,0.0,RE_ENTER_IMMEDIATE,74.34,17.11,1.67,4.35,29.2,2.93,24,17434.04,FIXED_SL_ONLY,Pyramid Base SAR,Pyramid Base SAR | Fixed SL 3.0% [RE_ENTER_IMMEDIATE]
EMA_CROSS_SAR,207,224.0,PCT,5.0,PCT,0.0,PCT,0.0,0.0,0.0,RE_ENTER_IMMEDIATE,84.61,12.23,1.82,6.92,36.8,3.79,19,18460.6,FIXED_SL_ONLY,Pyramid Base SAR,Pyramid Base SAR | Fixed SL 5.0% [RE_ENTER_IMMEDIATE]
EMA_CROSS_SAR,207,224.0,PCT,7.5,PCT,0.0,PCT,0.0,0.0,0.0,RE_ENTER_IMMEDIATE,91.87,9.48,1.93,9.69,43.8,5.2,16,19186.87,FIXED_SL_ONLY,Pyramid Base SAR,Pyramid Base SAR | Fixed SL 7.5% [RE_ENTER_IMMEDIATE]
EMA_CROSS_SAR,207,224.0,PCT,10.0,PCT,0.0,PCT,0.0,0.0,0.0,RE_ENTER_IMMEDIATE,91.87,9.48,1.93,9.69,43.8,5.2,16,19186.87,FIXED_SL_ONLY,Pyramid Base SAR,Pyramid Base SAR | Fixed SL 10.0% [RE_ENTER_IMMEDIATE]
EMA_CROSS_SAR,207,224.0,PCT,15.0,PCT,0.0,PCT,0.0,0.0,0.0,RE_ENTER_IMMEDIATE,91.87,9.48,1.93,9.69,43.8,5.2,16,19186.87,FIXED_SL_ONLY,Pyramid Base SAR,Pyramid Base SAR | Fixed SL 15.0% [RE_ENTER_IMMEDIATE]
EMA_CROSS_SAR,207,224.0,PCT,20.0,PCT,0.0,PCT,0.0,0.0,0.0,RE_ENTER_IMMEDIATE,91.87,9.48,1.93,9.69,43.8,5.2,16,19186.87,FIXED_SL_ONLY,Pyramid Base SAR,Pyramid Base SAR | Fixed SL 20.0% [RE_ENTER_IMMEDIATE]
EMA_CROSS_SAR,207,224.0,PRICE,25.0,PCT,0.0,PCT,0.0,0.0,0.0,RE_ENTER_IMMEDIATE,23.35,33.94,0.78,0.69,0.0,0.0,0,12334.59,FIXED_SL_ONLY,Pyramid Base SAR,Pyramid Base SAR | Fixed SL $25 [RE_ENTER_IMMEDIATE]
EMA_CROSS_SAR,207,224.0,PRICE,50.0,PCT,0.0,PCT,0.0,0.0,0.0,RE_ENTER_IMMEDIATE,50.44,22.55,1.27,2.24,0.0,0.0,0,15044.18,FIXED_SL_ONLY,Pyramid Base SAR,Pyramid Base SAR | Fixed SL $50 [RE_ENTER_IMMEDIATE]
EMA_CROSS_SAR,207,224.0,PRICE,100.0,PCT,0.0,PCT,0.0,0.0,0.0,RE_ENTER_IMMEDIATE,85.09,12.0,1.83,7.09,0.0,0.0,0,18509.38,FIXED_SL_ONLY,Pyramid Base SAR,Pyramid Base SAR | Fixed SL $100 [RE_ENTER_IMMEDIATE]
EMA_CROSS_SAR,207,224.0,PRICE,200.0,PCT,0.0,PCT,0.0,0.0,0.0,RE_ENTER_IMMEDIATE,91.87,9.48,1.93,9.69,0.0,0.0,0,19186.87,FIXED_SL_ONLY,Pyramid Base SAR,Pyramid Base SAR | Fixed SL $200 [RE_ENTER_IMMEDIATE]
EMA_CROSS_SAR,207,224.0,PRICE,500.0,PCT,0.0,PCT,0.0,0.0,0.0,RE_ENTER_IMMEDIATE,91.87,9.48,1.93,9.69,0.0,0.0,0,19186.87,FIXED_SL_ONLY,Pyramid Base SAR,Pyramid Base SAR | Fixed SL $500 [RE_ENTER_IMMEDIATE]
EMA_CROSS_SAR,207,224.0,PCT,0.0,PCT,2.0,PCT,0.0,0.0,0.0,RE_ENTER_IMMEDIATE,504.67,15.64,6.07,32.28,89.5,3.06,153,60467.03,FIXED_TP_ONLY,Pyramid Base SAR,Pyramid Base SAR | Fixed TP 2.0% [RE_ENTER_IMMEDIATE]
EMA_CROSS_SAR,207,224.0,PCT,0.0,PCT,4.0,PCT,0.0,0.0,0.0,RE_ENTER_IMMEDIATE,410.57,15.89,5.17,25.84,80.5,3.08,82,51057.07,FIXED_TP_ONLY,Pyramid Base SAR,Pyramid Base SAR | Fixed TP 4.0% [RE_ENTER_IMMEDIATE]
EMA_CROSS_SAR,207,224.0,PCT,0.0,PCT,6.0,PCT,0.0,0.0,0.0,RE_ENTER_IMMEDIATE,299.62,18.38,4.35,16.3,69.8,3.2,53,39962.22,FIXED_TP_ONLY,Pyramid Base SAR,Pyramid Base SAR | Fixed TP 6.0% [RE_ENTER_IMMEDIATE]
EMA_CROSS_SAR,207,224.0,PCT,0.0,PCT,10.0,PCT,0.0,0.0,0.0,RE_ENTER_IMMEDIATE,212.57,12.51,3.38,16.99,58.8,3.28,34,31257.29,FIXED_TP_ONLY,Pyramid Base SAR,Pyramid Base SAR | Fixed TP 10.0% [RE_ENTER_IMMEDIATE]
EMA_CROSS_SAR,207,224.0,PCT,0.0,PCT,15.0,PCT,0.0,0.0,0.0,RE_ENTER_IMMEDIATE,139.7,20.12,2.67,6.94,50.0,3.74,24,23970.05,FIXED_TP_ONLY,Pyramid Base SAR,Pyramid Base SAR | Fixed TP 15.0% [RE_ENTER_IMMEDIATE]
EMA_CROSS_SAR,207,224.0,PCT,0.0,PCT,20.0,PCT,0.0,0.0,0.0,RE_ENTER_IMMEDIATE,117.53,9.48,2.53,12.4,50.0,5.64,20,21752.63,FIXED_TP_ONLY,Pyramid Base SAR,Pyramid Base SAR | Fixed TP 20.0% [RE_ENTER_IMMEDIATE]
EMA_CROSS_SAR,207,224.0,PCT,0.0,PCT,30.0,PCT,0.0,0.0,0.0,RE_ENTER_IMMEDIATE,89.43,9.98,1.77,8.96,42.1,3.65,19,18943.08,FIXED_TP_ONLY,Pyramid Base SAR,Pyramid Base SAR | Fixed TP 30.0% [RE_ENTER_IMMEDIATE]
EMA_CROSS_SAR,207,224.0,PCT,0.0,PCT,50.0,PCT,0.0,0.0,0.0,RE_ENTER_IMMEDIATE,91.87,9.48,1.93,9.69,43.8,5.2,16,19186.87,FIXED_TP_ONLY,Pyramid Base SAR,Pyramid Base SAR | Fixed TP 50.0% [RE_ENTER_IMMEDIATE]
EMA_CROSS_SAR,207,224.0,PCT,0.0,PCT,100.0,PCT,0.0,0.0,0.0,RE_ENTER_IMMEDIATE,91.87,9.48,1.93,9.69,43.8,5.2,16,19186.87,FIXED_TP_ONLY,Pyramid Base SAR,Pyramid Base SAR | Fixed TP 100.0% [RE_ENTER_IMMEDIATE]
EMA_CROSS_SAR,207,224.0,PCT,0.0,PRICE,50.0,PCT,0.0,0.0,0.0,RE_ENTER_IMMEDIATE,504.73,15.89,5.98,31.77,0.0,0.0,0,60472.67,FIXED_TP_ONLY,Pyramid Base SAR,Pyramid Base SAR | Fixed TP $50 [RE_ENTER_IMMEDIATE]
EMA_CROSS_SAR,207,224.0,PCT,0.0,PRICE,100.0,PCT,0.0,0.0,0.0,RE_ENTER_IMMEDIATE,353.4,16.2,4.89,21.82,0.0,0.0,0,45340.0,FIXED_TP_ONLY,Pyramid Base SAR,Pyramid Base SAR | Fixed TP $100 [RE_ENTER_IMMEDIATE]
EMA_CROSS_SAR,207,224.0,PCT,0.0,PRICE,200.0,PCT,0.0,0.0,0.0,RE_ENTER_IMMEDIATE,197.25,16.06,3.23,12.28,0.0,0.0,0,29724.98,FIXED_TP_ONLY,Pyramid Base SAR,Pyramid Base SAR | Fixed TP $200 [RE_ENTER_IMMEDIATE]
EMA_CROSS_SAR,207,224.0,PCT,0.0,PRICE,500.0,PCT,0.0,0.0,0.0,RE_ENTER_IMMEDIATE,107.28,9.48,2.3,11.32,0.0,0.0,0,20727.55,FIXED_TP_ONLY,Pyramid Base SAR,Pyramid Base SAR | Fixed TP $500 [RE_ENTER_IMMEDIATE]
EMA_CROSS_SAR,207,224.0,PCT,0.0,PRICE,1000.0,PCT,0.0,0.0,0.0,RE_ENTER_IMMEDIATE,93.74,9.48,1.92,9.89,0.0,0.0,0,19373.76,FIXED_TP_ONLY,Pyramid Base SAR,Pyramid Base SAR | Fixed TP $1000 [RE_ENTER_IMMEDIATE]
EMA_CROSS_SAR,207,224.0,PCT,0.0,PCT,0.0,PCT,1.0,0.0,0.0,RE_ENTER_IMMEDIATE,-99.99,99.99,-23.02,-1.0,29.9,0.34,2035,1.47,TRAILING_SL_ONLY,Pyramid Base SAR,Pyramid Base SAR | Trailing SL 1.0% [RE_ENTER_IMMEDIATE]
EMA_CROSS_SAR,207,224.0,PCT,0.0,PCT,0.0,PCT,2.0,0.0,0.0,RE_ENTER_IMMEDIATE,-99.21,99.33,-12.51,-1.0,33.0,0.39,715,79.43,TRAILING_SL_ONLY,Pyramid Base SAR,Pyramid Base SAR | Trailing SL 2.0% [RE_ENTER_IMMEDIATE]
EMA_CROSS_SAR,207,224.0,PCT,0.0,PCT,0.0,PCT,3.0,0.0,0.0,RE_ENTER_IMMEDIATE,-92.01,93.85,-6.58,-0.98,34.0,0.49,324,798.91,TRAILING_SL_ONLY,Pyramid Base SAR,Pyramid Base SAR | Trailing SL 3.0% [RE_ENTER_IMMEDIATE]
EMA_CROSS_SAR,207,224.0,PCT,0.0,PCT,0.0,PCT,5.0,0.0,0.0,RE_ENTER_IMMEDIATE,-52.23,66.87,-1.81,-0.78,35.8,0.71,109,4776.5,TRAILING_SL_ONLY,Pyramid Base SAR,Pyramid Base SAR | Trailing SL 5.0% [RE_ENTER_IMMEDIATE]
EMA_CROSS_SAR,207,224.0,PCT,0.0,PCT,0.0,PCT,7.5,0.0,0.0,RE_ENTER_IMMEDIATE,1.07,41.9,0.34,0.03,34.7,1.13,49,10107.07,TRAILING_SL_ONLY,Pyramid Base SAR,Pyramid Base SAR | Trailing SL 7.5% [RE_ENTER_IMMEDIATE]
EMA_CROSS_SAR,207,224.0,PCT,0.0,PCT,0.0,PCT,10.0,0.0,0.0,RE_ENTER_IMMEDIATE,45.42,27.43,1.22,1.66,38.7,1.72,31,14541.79,TRAILING_SL_ONLY,Pyramid Base SAR,Pyramid Base SAR | Trailing SL 10.0% [RE_ENTER_IMMEDIATE]
EMA_CROSS_SAR,207,224.0,PCT,0.0,PCT,0.0,PCT,15.0,0.0,0.0,RE_ENTER_IMMEDIATE,71.09,15.03,1.6,4.73,28.6,3.08,21,17109.27,TRAILING_SL_ONLY,Pyramid Base SAR,Pyramid Base SAR | Trailing SL 15.0% [RE_ENTER_IMMEDIATE]
EMA_CROSS_SAR,207,224.0,PCT,0.0,PCT,0.0,PCT,0.0,5.0,1.0,RE_ENTER_IMMEDIATE,90.62,21.89,2.54,4.14,74.6,1.91,63,19062.3,TRAILING_TP_ONLY,Pyramid Base SAR,"Pyramid Base SAR | Trailing TP (Act 5.0%, Call 1.0%) [RE_ENTER_IMMEDIATE]"
EMA_CROSS_SAR,207,224.0,PCT,0.0,PCT,0.0,PCT,0.0,5.0,2.0,RE_ENTER_IMMEDIATE,80.9,23.74,2.34,3.41,74.2,1.84,62,18089.77,TRAILING_TP_ONLY,Pyramid Base SAR,"Pyramid Base SAR | Trailing TP (Act 5.0%, Call 2.0%) [RE_ENTER_IMMEDIATE]"
EMA_CROSS_SAR,207,224.0,PCT,0.0,PCT,0.0,PCT,0.0,10.0,2.0,RE_ENTER_IMMEDIATE,95.82,16.85,2.49,5.69,58.8,2.31,34,19582.46,TRAILING_TP_ONLY,Pyramid Base SAR,"Pyramid Base SAR | Trailing TP (Act 10.0%, Call 2.0%) [RE_ENTER_IMMEDIATE]"
EMA_CROSS_SAR,207,224.0,PCT,0.0,PCT,0.0,PCT,0.0,10.0,3.0,RE_ENTER_IMMEDIATE,87.17,20.48,2.28,4.26,58.8,2.17,34,18717.2,TRAILING_TP_ONLY,Pyramid Base SAR,"Pyramid Base SAR | Trailing TP (Act 10.0%, Call 3.0%) [RE_ENTER_IMMEDIATE]"
EMA_CROSS_SAR,207,224.0,PCT,0.0,PCT,0.0,PCT,0.0,15.0,3.0,RE_ENTER_IMMEDIATE,91.98,20.32,2.2,4.53,50.0,2.74,24,19198.42,TRAILING_TP_ONLY,Pyramid Base SAR,"Pyramid Base SAR | Trailing TP (Act 15.0%, Call 3.0%) [RE_ENTER_IMMEDIATE]"
EMA_CROSS_SAR,207,224.0,PCT,0.0,PCT,0.0,PCT,0.0,20.0,5.0,RE_ENTER_IMMEDIATE,95.99,9.48,2.4,10.13,50.0,5.01,20,19598.96,TRAILING_TP_ONLY,Pyramid Base SAR,"Pyramid Base SAR | Trailing TP (Act 20.0%, Call 5.0%) [RE_ENTER_IMMEDIATE]"
EMA_CROSS_SAR,207,224.0,PCT,0.0,PCT,0.0,PCT,0.0,30.0,5.0,RE_ENTER_IMMEDIATE,74.34,9.81,1.65,7.57,42.1,3.11,19,17433.84,TRAILING_TP_ONLY,Pyramid Base SAR,"Pyramid Base SAR | Trailing TP (Act 30.0%, Call 5.0%) [RE_ENTER_IMMEDIATE]"
EMA_CROSS_SAR,207,224.0,PCT,3.0,PCT,10.0,PCT,0.0,0.0,0.0,RE_ENTER_IMMEDIATE,51.87,42.98,1.28,1.21,27.8,1.29,97,15186.89,FIXED_SL_AND_TP,Pyramid Base SAR,Pyramid Base SAR | Fixed SL 3.0% + TP 10.0% [RE_ENTER_IMMEDIATE]
EMA_CROSS_SAR,207,224.0,PCT,3.0,PCT,20.0,PCT,0.0,0.0,0.0,RE_ENTER_IMMEDIATE,79.59,31.19,1.78,2.55,29.7,2.13,37,17958.78,FIXED_SL_AND_TP,Pyramid Base SAR,Pyramid Base SAR | Fixed SL 3.0% + TP 20.0% [RE_ENTER_IMMEDIATE]
EMA_CROSS_SAR,207,224.0,PCT,3.0,PCT,30.0,PCT,0.0,0.0,0.0,RE_ENTER_IMMEDIATE,56.76,20.36,1.32,2.79,26.5,2.0,34,15675.67,FIXED_SL_AND_TP,Pyramid Base SAR,Pyramid Base SAR | Fixed SL 3.0% + TP 30.0% [RE_ENTER_IMMEDIATE]
EMA_CROSS_SAR,207,224.0,PCT,5.0,PCT,10.0,PCT,0.0,0.0,0.0,RE_ENTER_IMMEDIATE,83.59,36.84,1.7,2.27,40.6,1.46,69,18359.11,FIXED_SL_AND_TP,Pyramid Base SAR,Pyramid Base SAR | Fixed SL 5.0% + TP 10.0% [RE_ENTER_IMMEDIATE]
EMA_CROSS_SAR,207,224.0,PCT,5.0,PCT,20.0,PCT,0.0,0.0,0.0,RE_ENTER_IMMEDIATE,101.73,23.68,2.08,4.3,42.9,2.74,28,20173.04,FIXED_SL_AND_TP,Pyramid Base SAR,Pyramid Base SAR | Fixed SL 5.0% + TP 20.0% [RE_ENTER_IMMEDIATE]
EMA_CROSS_SAR,207,224.0,PCT,5.0,PCT,30.0,PCT,0.0,0.0,0.0,RE_ENTER_IMMEDIATE,65.03,19.23,1.44,3.38,34.6,2.33,26,16503.39,FIXED_SL_AND_TP,Pyramid Base SAR,Pyramid Base SAR | Fixed SL 5.0% + TP 30.0% [RE_ENTER_IMMEDIATE]
EMA_CROSS_SAR,207,224.0,PCT,10.0,PCT,10.0,PCT,0.0,0.0,0.0,RE_ENTER_IMMEDIATE,210.02,13.33,3.06,15.75,57.5,2.54,40,31002.34,FIXED_SL_AND_TP,Pyramid Base SAR,Pyramid Base SAR | Fixed SL 10.0% + TP 10.0% [RE_ENTER_IMMEDIATE]
EMA_CROSS_SAR,207,224.0,PCT,10.0,PCT,20.0,PCT,0.0,0.0,0.0,RE_ENTER_IMMEDIATE,117.53,9.48,2.53,12.4,50.0,5.64,20,21752.63,FIXED_SL_AND_TP,Pyramid Base SAR,Pyramid Base SAR | Fixed SL 10.0% + TP 20.0% [RE_ENTER_IMMEDIATE]
EMA_CROSS_SAR,207,224.0,PCT,10.0,PCT,30.0,PCT,0.0,0.0,0.0,RE_ENTER_IMMEDIATE,86.44,11.4,1.73,7.58,40.0,3.46,20,18644.07,FIXED_SL_AND_TP,Pyramid Base SAR,Pyramid Base SAR | Fixed SL 10.0% + TP 30.0% [RE_ENTER_IMMEDIATE]
EMA_CROSS_SAR,207,224.0,PCT,0.0,PCT,15.0,PCT,3.0,0.0,0.0,RE_ENTER_IMMEDIATE,-92.01,93.85,-6.58,-0.98,34.0,0.49,324,798.91,TRAILING_SL_AND_FIXED_TP,Pyramid Base SAR,Pyramid Base SAR | TSL 3.0% + Fixed TP 15.0% [RE_ENTER_IMMEDIATE]
EMA_CROSS_SAR,207,224.0,PCT,0.0,PCT,30.0,PCT,3.0,0.0,0.0,RE_ENTER_IMMEDIATE,-92.01,93.85,-6.58,-0.98,34.0,0.49,324,798.91,TRAILING_SL_AND_FIXED_TP,Pyramid Base SAR,Pyramid Base SAR | TSL 3.0% + Fixed TP 30.0% [RE_ENTER_IMMEDIATE]
EMA_CROSS_SAR,207,224.0,PCT,0.0,PCT,15.0,PCT,5.0,0.0,0.0,RE_ENTER_IMMEDIATE,-51.82,66.58,-1.76,-0.78,35.5,0.72,110,4817.79,TRAILING_SL_AND_FIXED_TP,Pyramid Base SAR,Pyramid Base SAR | TSL 5.0% + Fixed TP 15.0% [RE_ENTER_IMMEDIATE]
EMA_CROSS_SAR,207,224.0,PCT,0.0,PCT,30.0,PCT,5.0,0.0,0.0,RE_ENTER_IMMEDIATE,-52.23,66.87,-1.81,-0.78,35.8,0.71,109,4776.5,TRAILING_SL_AND_FIXED_TP,Pyramid Base SAR,Pyramid Base SAR | TSL 5.0% + Fixed TP 30.0% [RE_ENTER_IMMEDIATE]
EMA_CROSS_LONG_ONLY,208,224.0,PCT,0.0,PCT,0.0,PCT,0.0,0.0,0.0,RE_ENTER_IMMEDIATE,35.93,4.87,1.46,7.38,62.5,6.77,8,13593.49,NO_SL_NO_TP,Top Base Long Only,Top Base Long Only | Raw Signal Flip [RE_ENTER_IMMEDIATE]
EMA_CROSS_LONG_ONLY,208,224.0,PCT,1.0,PCT,0.0,PCT,0.0,0.0,0.0,RE_ENTER_IMMEDIATE,8.96,19.2,0.51,0.47,15.4,1.32,39,10895.9,FIXED_SL_ONLY,Top Base Long Only,Top Base Long Only | Fixed SL 1.0% [RE_ENTER_IMMEDIATE]
EMA_CROSS_LONG_ONLY,208,224.0,PCT,2.0,PCT,0.0,PCT,0.0,0.0,0.0,RE_ENTER_IMMEDIATE,16.54,14.38,0.77,1.15,27.3,1.61,22,11654.1,FIXED_SL_ONLY,Top Base Long Only,Top Base Long Only | Fixed SL 2.0% [RE_ENTER_IMMEDIATE]
EMA_CROSS_LONG_ONLY,208,224.0,PCT,3.0,PCT,0.0,PCT,0.0,0.0,0.0,RE_ENTER_IMMEDIATE,31.29,6.53,1.27,4.79,41.7,2.93,12,13128.7,FIXED_SL_ONLY,Top Base Long Only,Top Base Long Only | Fixed SL 3.0% [RE_ENTER_IMMEDIATE]
EMA_CROSS_LONG_ONLY,208,224.0,PCT,5.0,PCT,0.0,PCT,0.0,0.0,0.0,RE_ENTER_IMMEDIATE,34.31,5.43,1.38,6.32,55.6,4.0,9,13431.11,FIXED_SL_ONLY,Top Base Long Only,Top Base Long Only | Fixed SL 5.0% [RE_ENTER_IMMEDIATE]
EMA_CROSS_LONG_ONLY,208,224.0,PCT,7.5,PCT,0.0,PCT,0.0,0.0,0.0,RE_ENTER_IMMEDIATE,35.93,4.87,1.46,7.38,62.5,6.77,8,13593.49,FIXED_SL_ONLY,Top Base Long Only,Top Base Long Only | Fixed SL 7.5% [RE_ENTER_IMMEDIATE]
EMA_CROSS_LONG_ONLY,208,224.0,PCT,10.0,PCT,0.0,PCT,0.0,0.0,0.0,RE_ENTER_IMMEDIATE,35.93,4.87,1.46,7.38,62.5,6.77,8,13593.49,FIXED_SL_ONLY,Top Base Long Only,Top Base Long Only | Fixed SL 10.0% [RE_ENTER_IMMEDIATE]
EMA_CROSS_LONG_ONLY,208,224.0,PCT,15.0,PCT,0.0,PCT,0.0,0.0,0.0,RE_ENTER_IMMEDIATE,35.93,4.87,1.46,7.38,62.5,6.77,8,13593.49,FIXED_SL_ONLY,Top Base Long Only,Top Base Long Only | Fixed SL 15.0% [RE_ENTER_IMMEDIATE]
EMA_CROSS_LONG_ONLY,208,224.0,PCT,20.0,PCT,0.0,PCT,0.0,0.0,0.0,RE_ENTER_IMMEDIATE,35.93,4.87,1.46,7.38,62.5,6.77,8,13593.49,FIXED_SL_ONLY,Top Base Long Only,Top Base Long Only | Fixed SL 20.0% [RE_ENTER_IMMEDIATE]
EMA_CROSS_LONG_ONLY,208,224.0,PRICE,25.0,PCT,0.0,PCT,0.0,0.0,0.0,RE_ENTER_IMMEDIATE,12.29,17.06,0.63,0.72,0.0,0.0,0,11228.58,FIXED_SL_ONLY,Top Base Long Only,Top Base Long Only | Fixed SL $25 [RE_ENTER_IMMEDIATE]
EMA_CROSS_LONG_ONLY,208,224.0,PRICE,50.0,PCT,0.0,PCT,0.0,0.0,0.0,RE_ENTER_IMMEDIATE,23.94,10.52,1.04,2.27,0.0,0.0,0,12394.23,FIXED_SL_ONLY,Top Base Long Only,Top Base Long Only | Fixed SL $50 [RE_ENTER_IMMEDIATE]
EMA_CROSS_LONG_ONLY,208,224.0,PRICE,100.0,PCT,0.0,PCT,0.0,0.0,0.0,RE_ENTER_IMMEDIATE,33.62,5.49,1.36,6.12,0.0,0.0,0,13362.15,FIXED_SL_ONLY,Top Base Long Only,Top Base Long Only | Fixed SL $100 [RE_ENTER_IMMEDIATE]
EMA_CROSS_LONG_ONLY,208,224.0,PRICE,200.0,PCT,0.0,PCT,0.0,0.0,0.0,RE_ENTER_IMMEDIATE,35.93,4.87,1.46,7.38,0.0,0.0,0,13593.49,FIXED_SL_ONLY,Top Base Long Only,Top Base Long Only | Fixed SL $200 [RE_ENTER_IMMEDIATE]
EMA_CROSS_LONG_ONLY,208,224.0,PRICE,500.0,PCT,0.0,PCT,0.0,0.0,0.0,RE_ENTER_IMMEDIATE,35.93,4.87,1.46,7.38,0.0,0.0,0,13593.49,FIXED_SL_ONLY,Top Base Long Only,Top Base Long Only | Fixed SL $500 [RE_ENTER_IMMEDIATE]
EMA_CROSS_LONG_ONLY,208,224.0,PCT,0.0,PCT,2.0,PCT,0.0,0.0,0.0,RE_ENTER_IMMEDIATE,108.65,12.35,3.68,8.8,87.7,2.69,65,20864.68,FIXED_TP_ONLY,Top Base Long Only,Top Base Long Only | Fixed TP 2.0% [RE_ENTER_IMMEDIATE]
EMA_CROSS_LONG_ONLY,208,224.0,PCT,0.0,PCT,4.0,PCT,0.0,0.0,0.0,RE_ENTER_IMMEDIATE,91.21,11.61,3.1,7.86,77.8,2.67,36,19121.04,FIXED_TP_ONLY,Top Base Long Only,Top Base Long Only | Fixed TP 4.0% [RE_ENTER_IMMEDIATE]
EMA_CROSS_LONG_ONLY,208,224.0,PCT,0.0,PCT,6.0,PCT,0.0,0.0,0.0,RE_ENTER_IMMEDIATE,66.9,10.74,2.5,6.23,65.2,2.72,23,16690.29,FIXED_TP_ONLY,Top Base Long Only,Top Base Long Only | Fixed TP 6.0% [RE_ENTER_IMMEDIATE]
EMA_CROSS_LONG_ONLY,208,224.0,PCT,0.0,PCT,10.0,PCT,0.0,0.0,0.0,RE_ENTER_IMMEDIATE,68.18,8.04,2.32,8.48,62.5,3.34,16,16818.46,FIXED_TP_ONLY,Top Base Long Only,Top Base Long Only | Fixed TP 10.0% [RE_ENTER_IMMEDIATE]
EMA_CROSS_LONG_ONLY,208,224.0,PCT,0.0,PCT,15.0,PCT,0.0,0.0,0.0,RE_ENTER_IMMEDIATE,43.82,12.35,1.68,3.55,63.6,3.22,11,14381.9,FIXED_TP_ONLY,Top Base Long Only,Top Base Long Only | Fixed TP 15.0% [RE_ENTER_IMMEDIATE]
EMA_CROSS_LONG_ONLY,208,224.0,PCT,0.0,PCT,20.0,PCT,0.0,0.0,0.0,RE_ENTER_IMMEDIATE,39.07,4.87,1.85,8.02,66.7,6.96,9,13906.59,FIXED_TP_ONLY,Top Base Long Only,Top Base Long Only | Fixed TP 20.0% [RE_ENTER_IMMEDIATE]
EMA_CROSS_LONG_ONLY,208,224.0,PCT,0.0,PCT,30.0,PCT,0.0,0.0,0.0,RE_ENTER_IMMEDIATE,36.89,4.87,1.41,7.57,55.6,6.16,9,13688.91,FIXED_TP_ONLY,Top Base Long Only,Top Base Long Only | Fixed TP 30.0% [RE_ENTER_IMMEDIATE]
EMA_CROSS_LONG_ONLY,208,224.0,PCT,0.0,PCT,50.0,PCT,0.0,0.0,0.0,RE_ENTER_IMMEDIATE,35.93,4.87,1.46,7.38,62.5,6.77,8,13593.49,FIXED_TP_ONLY,Top Base Long Only,Top Base Long Only | Fixed TP 50.0% [RE_ENTER_IMMEDIATE]
EMA_CROSS_LONG_ONLY,208,224.0,PCT,0.0,PCT,100.0,PCT,0.0,0.0,0.0,RE_ENTER_IMMEDIATE,35.93,4.87,1.46,7.38,62.5,6.77,8,13593.49,FIXED_TP_ONLY,Top Base Long Only,Top Base Long Only | Fixed TP 100.0% [RE_ENTER_IMMEDIATE]
EMA_CROSS_LONG_ONLY,208,224.0,PCT,0.0,PRICE,50.0,PCT,0.0,0.0,0.0,RE_ENTER_IMMEDIATE,110.3,12.35,3.68,8.93,0.0,0.0,0,21030.1,FIXED_TP_ONLY,Top Base Long Only,Top Base Long Only | Fixed TP $50 [RE_ENTER_IMMEDIATE]
EMA_CROSS_LONG_ONLY,208,224.0,PCT,0.0,PRICE,100.0,PCT,0.0,0.0,0.0,RE_ENTER_IMMEDIATE,76.75,11.19,2.81,6.86,0.0,0.0,0,17675.24,FIXED_TP_ONLY,Top Base Long Only,Top Base Long Only | Fixed TP $100 [RE_ENTER_IMMEDIATE]
EMA_CROSS_LONG_ONLY,208,224.0,PCT,0.0,PRICE,200.0,PCT,0.0,0.0,0.0,RE_ENTER_IMMEDIATE,65.94,11.78,2.11,5.6,0.0,0.0,0,16593.77,FIXED_TP_ONLY,Top Base Long Only,Top Base Long Only | Fixed TP $200 [RE_ENTER_IMMEDIATE]
EMA_CROSS_LONG_ONLY,208,224.0,PCT,0.0,PRICE,500.0,PCT,0.0,0.0,0.0,RE_ENTER_IMMEDIATE,36.94,4.87,1.55,7.58,0.0,0.0,0,13693.57,FIXED_TP_ONLY,Top Base Long Only,Top Base Long Only | Fixed TP $500 [RE_ENTER_IMMEDIATE]
EMA_CROSS_LONG_ONLY,208,224.0,PCT,0.0,PRICE,1000.0,PCT,0.0,0.0,0.0,RE_ENTER_IMMEDIATE,35.93,4.87,1.46,7.38,0.0,0.0,0,13593.49,FIXED_TP_ONLY,Top Base Long Only,Top Base Long Only | Fixed TP $1000 [RE_ENTER_IMMEDIATE]
EMA_CROSS_LONG_ONLY,208,224.0,PCT,0.0,PCT,0.0,PCT,1.0,0.0,0.0,RE_ENTER_IMMEDIATE,-97.97,98.09,-16.05,-1.0,28.1,0.3,861,203.32,TRAILING_SL_ONLY,Top Base Long Only,Top Base Long Only | Trailing SL 1.0% [RE_ENTER_IMMEDIATE]
EMA_CROSS_LONG_ONLY,208,224.0,PCT,0.0,PCT,0.0,PCT,2.0,0.0,0.0,RE_ENTER_IMMEDIATE,-82.26,85.06,-7.21,-0.97,30.6,0.41,252,1774.02,TRAILING_SL_ONLY,Top Base Long Only,Top Base Long Only | Trailing SL 2.0% [RE_ENTER_IMMEDIATE]
EMA_CROSS_LONG_ONLY,208,224.0,PCT,0.0,PCT,0.0,PCT,3.0,0.0,0.0,RE_ENTER_IMMEDIATE,-52.45,63.76,-3.08,-0.82,33.0,0.57,112,4754.8,TRAILING_SL_ONLY,Top Base Long Only,Top Base Long Only | Trailing SL 3.0% [RE_ENTER_IMMEDIATE]
EMA_CROSS_LONG_ONLY,208,224.0,PCT,0.0,PCT,0.0,PCT,5.0,0.0,0.0,RE_ENTER_IMMEDIATE,-13.12,34.28,-0.59,-0.38,39.0,0.83,41,8688.0,TRAILING_SL_ONLY,Top Base Long Only,Top Base Long Only | Trailing SL 5.0% [RE_ENTER_IMMEDIATE]
EMA_CROSS_LONG_ONLY,208,224.0,PCT,0.0,PCT,0.0,PCT,7.5,0.0,0.0,RE_ENTER_IMMEDIATE,19.53,13.37,0.87,1.46,41.2,1.81,17,11953.26,TRAILING_SL_ONLY,Top Base Long Only,Top Base Long Only | Trailing SL 7.5% [RE_ENTER_IMMEDIATE]
EMA_CROSS_LONG_ONLY,208,224.0,PCT,0.0,PCT,0.0,PCT,10.0,0.0,0.0,RE_ENTER_IMMEDIATE,29.67,6.74,1.21,4.4,45.5,2.63,11,12966.88,TRAILING_SL_ONLY,Top Base Long Only,Top Base Long Only | Trailing SL 10.0% [RE_ENTER_IMMEDIATE]
EMA_CROSS_LONG_ONLY,208,224.0,PCT,0.0,PCT,0.0,PCT,15.0,0.0,0.0,RE_ENTER_IMMEDIATE,33.65,4.87,1.39,6.91,44.4,5.33,9,13365.15,TRAILING_SL_ONLY,Top Base Long Only,Top Base Long Only | Trailing SL 15.0% [RE_ENTER_IMMEDIATE]
EMA_CROSS_LONG_ONLY,208,224.0,PCT,0.0,PCT,0.0,PCT,0.0,5.0,1.0,RE_ENTER_IMMEDIATE,30.13,11.73,1.55,2.57,71.4,1.78,28,13013.36,TRAILING_TP_ONLY,Top Base Long Only,"Top Base Long Only | Trailing TP (Act 5.0%, Call 1.0%) [RE_ENTER_IMMEDIATE]"
EMA_CROSS_LONG_ONLY,208,224.0,PCT,0.0,PCT,0.0,PCT,0.0,5.0,2.0,RE_ENTER_IMMEDIATE,26.09,13.66,1.36,1.91,70.4,1.69,27,12608.99,TRAILING_TP_ONLY,Top Base Long Only,"Top Base Long Only | Trailing TP (Act 5.0%, Call 2.0%) [RE_ENTER_IMMEDIATE]"
EMA_CROSS_LONG_ONLY,208,224.0,PCT,0.0,PCT,0.0,PCT,0.0,10.0,2.0,RE_ENTER_IMMEDIATE,31.73,8.58,1.62,3.7,62.5,2.21,16,13172.74,TRAILING_TP_ONLY,Top Base Long Only,"Top Base Long Only | Trailing TP (Act 10.0%, Call 2.0%) [RE_ENTER_IMMEDIATE]"
EMA_CROSS_LONG_ONLY,208,224.0,PCT,0.0,PCT,0.0,PCT,0.0,10.0,3.0,RE_ENTER_IMMEDIATE,28.42,12.57,1.37,2.26,62.5,2.01,16,12841.98,TRAILING_TP_ONLY,Top Base Long Only,"Top Base Long Only | Trailing TP (Act 10.0%, Call 3.0%) [RE_ENTER_IMMEDIATE]"
EMA_CROSS_LONG_ONLY,208,224.0,PCT,0.0,PCT,0.0,PCT,0.0,15.0,3.0,RE_ENTER_IMMEDIATE,33.0,12.57,1.51,2.62,63.6,2.72,11,13299.78,TRAILING_TP_ONLY,Top Base Long Only,"Top Base Long Only | Trailing TP (Act 15.0%, Call 3.0%) [RE_ENTER_IMMEDIATE]"
EMA_CROSS_LONG_ONLY,208,224.0,PCT,0.0,PCT,0.0,PCT,0.0,20.0,5.0,RE_ENTER_IMMEDIATE,35.6,4.87,1.89,7.31,66.7,6.46,9,13559.52,TRAILING_TP_ONLY,Top Base Long Only,"Top Base Long Only | Trailing TP (Act 20.0%, Call 5.0%) [RE_ENTER_IMMEDIATE]"
EMA_CROSS_LONG_ONLY,208,224.0,PCT,0.0,PCT,0.0,PCT,0.0,30.0,5.0,RE_ENTER_IMMEDIATE,30.53,4.87,1.29,6.27,55.6,4.11,9,13052.79,TRAILING_TP_ONLY,Top Base Long Only,"Top Base Long Only | Trailing TP (Act 30.0%, Call 5.0%) [RE_ENTER_IMMEDIATE]"
EMA_CROSS_LONG_ONLY,208,224.0,PCT,3.0,PCT,10.0,PCT,0.0,0.0,0.0,RE_ENTER_IMMEDIATE,39.08,19.69,1.41,1.98,33.3,1.61,36,13907.8,FIXED_SL_AND_TP,Top Base Long Only,Top Base Long Only | Fixed SL 3.0% + TP 10.0% [RE_ENTER_IMMEDIATE]
EMA_CROSS_LONG_ONLY,208,224.0,PCT,3.0,PCT,20.0,PCT,0.0,0.0,0.0,RE_ENTER_IMMEDIATE,25.15,21.45,1.04,1.17,30.0,1.74,20,12515.37,FIXED_SL_AND_TP,Top Base Long Only,Top Base Long Only | Fixed SL 3.0% + TP 20.0% [RE_ENTER_IMMEDIATE]
EMA_CROSS_LONG_ONLY,208,224.0,PCT,3.0,PCT,30.0,PCT,0.0,0.0,0.0,RE_ENTER_IMMEDIATE,32.21,6.53,1.24,4.93,38.5,2.89,13,13220.85,FIXED_SL_AND_TP,Top Base Long Only,Top Base Long Only | Fixed SL 3.0% + TP 30.0% [RE_ENTER_IMMEDIATE]
EMA_CROSS_LONG_ONLY,208,224.0,PCT,5.0,PCT,10.0,PCT,0.0,0.0,0.0,RE_ENTER_IMMEDIATE,57.2,14.99,1.91,3.82,54.2,2.18,24,15720.11,FIXED_SL_AND_TP,Top Base Long Only,Top Base Long Only | Fixed SL 5.0% + TP 10.0% [RE_ENTER_IMMEDIATE]
EMA_CROSS_LONG_ONLY,208,224.0,PCT,5.0,PCT,20.0,PCT,0.0,0.0,0.0,RE_ENTER_IMMEDIATE,35.69,14.8,1.35,2.41,50.0,2.32,14,13568.54,FIXED_SL_AND_TP,Top Base Long Only,Top Base Long Only | Fixed SL 5.0% + TP 20.0% [RE_ENTER_IMMEDIATE]
EMA_CROSS_LONG_ONLY,208,224.0,PCT,5.0,PCT,30.0,PCT,0.0,0.0,0.0,RE_ENTER_IMMEDIATE,35.25,5.43,1.35,6.49,50.0,3.86,10,13525.38,FIXED_SL_AND_TP,Top Base Long Only,Top Base Long Only | Fixed SL 5.0% + TP 30.0% [RE_ENTER_IMMEDIATE]
EMA_CROSS_LONG_ONLY,208,224.0,PCT,10.0,PCT,10.0,PCT,0.0,0.0,0.0,RE_ENTER_IMMEDIATE,68.18,8.04,2.32,8.48,62.5,3.34,16,16818.46,FIXED_SL_AND_TP,Top Base Long Only,Top Base Long Only | Fixed SL 10.0% + TP 10.0% [RE_ENTER_IMMEDIATE]
EMA_CROSS_LONG_ONLY,208,224.0,PCT,10.0,PCT,20.0,PCT,0.0,0.0,0.0,RE_ENTER_IMMEDIATE,39.07,4.87,1.85,8.02,66.7,6.96,9,13906.59,FIXED_SL_AND_TP,Top Base Long Only,Top Base Long Only | Fixed SL 10.0% + TP 20.0% [RE_ENTER_IMMEDIATE]
EMA_CROSS_LONG_ONLY,208,224.0,PCT,10.0,PCT,30.0,PCT,0.0,0.0,0.0,RE_ENTER_IMMEDIATE,36.89,4.87,1.41,7.57,55.6,6.16,9,13688.91,FIXED_SL_AND_TP,Top Base Long Only,Top Base Long Only | Fixed SL 10.0% + TP 30.0% [RE_ENTER_IMMEDIATE]
EMA_CROSS_LONG_ONLY,208,224.0,PCT,0.0,PCT,15.0,PCT,3.0,0.0,0.0,RE_ENTER_IMMEDIATE,-52.45,63.76,-3.08,-0.82,33.0,0.57,112,4754.8,TRAILING_SL_AND_FIXED_TP,Top Base Long Only,Top Base Long Only | TSL 3.0% + Fixed TP 15.0% [RE_ENTER_IMMEDIATE]
EMA_CROSS_LONG_ONLY,208,224.0,PCT,0.0,PCT,30.0,PCT,3.0,0.0,0.0,RE_ENTER_IMMEDIATE,-52.45,63.76,-3.08,-0.82,33.0,0.57,112,4754.8,TRAILING_SL_AND_FIXED_TP,Top Base Long Only,Top Base Long Only | TSL 3.0% + Fixed TP 30.0% [RE_ENTER_IMMEDIATE]
EMA_CROSS_LONG_ONLY,208,224.0,PCT,0.0,PCT,15.0,PCT,5.0,0.0,0.0,RE_ENTER_IMMEDIATE,-13.12,34.28,-0.59,-0.38,39.0,0.83,41,8688.0,TRAILING_SL_AND_FIXED_TP,Top Base Long Only,Top Base Long Only | TSL 5.0% + Fixed TP 15.0% [RE_ENTER_IMMEDIATE]
EMA_CROSS_LONG_ONLY,208,224.0,PCT,0.0,PCT,30.0,PCT,5.0,0.0,0.0,RE_ENTER_IMMEDIATE,-13.12,34.28,-0.59,-0.38,39.0,0.83,41,8688.0,TRAILING_SL_AND_FIXED_TP,Top Base Long Only,Top Base Long Only | TSL 5.0% + Fixed TP 30.0% [RE_ENTER_IMMEDIATE]
PRICE_EMA_SAR,82,,PCT,0.0,PCT,0.0,PCT,0.0,0.0,0.0,RE_ENTER_IMMEDIATE,6.5,41.41,0.44,0.16,17.7,1.1,310,10650.31,NO_SL_NO_TP,Top Single EMA SAR,Top Single EMA SAR | Raw Signal Flip [RE_ENTER_IMMEDIATE]
PRICE_EMA_SAR,82,,PCT,1.0,PCT,0.0,PCT,0.0,0.0,0.0,RE_ENTER_IMMEDIATE,-59.5,76.63,-1.82,-0.78,15.0,0.72,374,4050.29,FIXED_SL_ONLY,Top Single EMA SAR,Top Single EMA SAR | Fixed SL 1.0% [RE_ENTER_IMMEDIATE]
PRICE_EMA_SAR,82,,PCT,2.0,PCT,0.0,PCT,0.0,0.0,0.0,RE_ENTER_IMMEDIATE,-27.99,59.06,-0.48,-0.47,17.2,0.91,319,7201.08,FIXED_SL_ONLY,Top Single EMA SAR,Top Single EMA SAR | Fixed SL 2.0% [RE_ENTER_IMMEDIATE]
PRICE_EMA_SAR,82,,PCT,3.0,PCT,0.0,PCT,0.0,0.0,0.0,RE_ENTER_IMMEDIATE,-11.88,50.15,-0.01,-0.24,17.6,1.0,313,8812.44,FIXED_SL_ONLY,Top Single EMA SAR,Top Single EMA SAR | Fixed SL 3.0% [RE_ENTER_IMMEDIATE]
PRICE_EMA_SAR,82,,PCT,5.0,PCT,0.0,PCT,0.0,0.0,0.0,RE_ENTER_IMMEDIATE,3.1,43.28,0.36,0.07,17.7,1.08,310,10310.45,FIXED_SL_ONLY,Top Single EMA SAR,Top Single EMA SAR | Fixed SL 5.0% [RE_ENTER_IMMEDIATE]
PRICE_EMA_SAR,82,,PCT,7.5,PCT,0.0,PCT,0.0,0.0,0.0,RE_ENTER_IMMEDIATE,6.5,41.41,0.44,0.16,17.7,1.1,310,10650.31,FIXED_SL_ONLY,Top Single EMA SAR,Top Single EMA SAR | Fixed SL 7.5% [RE_ENTER_IMMEDIATE]
PRICE_EMA_SAR,82,,PCT,10.0,PCT,0.0,PCT,0.0,0.0,0.0,RE_ENTER_IMMEDIATE,6.5,41.41,0.44,0.16,17.7,1.1,310,10650.31,FIXED_SL_ONLY,Top Single EMA SAR,Top Single EMA SAR | Fixed SL 10.0% [RE_ENTER_IMMEDIATE]
PRICE_EMA_SAR,82,,PCT,15.0,PCT,0.0,PCT,0.0,0.0,0.0,RE_ENTER_IMMEDIATE,6.5,41.41,0.44,0.16,17.7,1.1,310,10650.31,FIXED_SL_ONLY,Top Single EMA SAR,Top Single EMA SAR | Fixed SL 15.0% [RE_ENTER_IMMEDIATE]
PRICE_EMA_SAR,82,,PCT,20.0,PCT,0.0,PCT,0.0,0.0,0.0,RE_ENTER_IMMEDIATE,6.5,41.41,0.44,0.16,17.7,1.1,310,10650.31,FIXED_SL_ONLY,Top Single EMA SAR,Top Single EMA SAR | Fixed SL 20.0% [RE_ENTER_IMMEDIATE]
PRICE_EMA_SAR,82,,PRICE,25.0,PCT,0.0,PCT,0.0,0.0,0.0,RE_ENTER_IMMEDIATE,-53.08,73.06,-1.47,-0.73,0.0,0.0,0,4692.13,FIXED_SL_ONLY,Top Single EMA SAR,Top Single EMA SAR | Fixed SL $25 [RE_ENTER_IMMEDIATE]
PRICE_EMA_SAR,82,,PRICE,50.0,PCT,0.0,PCT,0.0,0.0,0.0,RE_ENTER_IMMEDIATE,-13.59,51.26,-0.05,-0.27,0.0,0.0,0,8640.52,FIXED_SL_ONLY,Top Single EMA SAR,Top Single EMA SAR | Fixed SL $50 [RE_ENTER_IMMEDIATE]
PRICE_EMA_SAR,82,,PRICE,100.0,PCT,0.0,PCT,0.0,0.0,0.0,RE_ENTER_IMMEDIATE,0.08,43.37,0.29,0.0,0.0,0.0,0,10008.06,FIXED_SL_ONLY,Top Single EMA SAR,Top Single EMA SAR | Fixed SL $100 [RE_ENTER_IMMEDIATE]
PRICE_EMA_SAR,82,,PRICE,200.0,PCT,0.0,PCT,0.0,0.0,0.0,RE_ENTER_IMMEDIATE,6.5,41.41,0.44,0.16,0.0,0.0,0,10650.31,FIXED_SL_ONLY,Top Single EMA SAR,Top Single EMA SAR | Fixed SL $200 [RE_ENTER_IMMEDIATE]
PRICE_EMA_SAR,82,,PRICE,500.0,PCT,0.0,PCT,0.0,0.0,0.0,RE_ENTER_IMMEDIATE,6.5,41.41,0.44,0.16,0.0,0.0,0,10650.31,FIXED_SL_ONLY,Top Single EMA SAR,Top Single EMA SAR | Fixed SL $500 [RE_ENTER_IMMEDIATE]
PRICE_EMA_SAR,82,,PCT,0.0,PCT,2.0,PCT,0.0,0.0,0.0,RE_ENTER_IMMEDIATE,710.5,27.13,5.66,26.19,50.4,1.56,625,81050.23,FIXED_TP_ONLY,Top Single EMA SAR,Top Single EMA SAR | Fixed TP 2.0% [RE_ENTER_IMMEDIATE]
PRICE_EMA_SAR,82,,PCT,0.0,PCT,4.0,PCT,0.0,0.0,0.0,RE_ENTER_IMMEDIATE,327.1,29.51,3.97,11.09,31.2,1.53,426,42709.79,FIXED_TP_ONLY,Top Single EMA SAR,Top Single EMA SAR | Fixed TP 4.0% [RE_ENTER_IMMEDIATE]
PRICE_EMA_SAR,82,,PCT,0.0,PCT,6.0,PCT,0.0,0.0,0.0,RE_ENTER_IMMEDIATE,192.68,29.86,2.99,6.45,24.8,1.5,367,29267.72,FIXED_TP_ONLY,Top Single EMA SAR,Top Single EMA SAR | Fixed TP 6.0% [RE_ENTER_IMMEDIATE]
PRICE_EMA_SAR,82,,PCT,0.0,PCT,10.0,PCT,0.0,0.0,0.0,RE_ENTER_IMMEDIATE,59.32,40.13,1.45,1.48,19.9,1.27,331,15931.97,FIXED_TP_ONLY,Top Single EMA SAR,Top Single EMA SAR | Fixed TP 10.0% [RE_ENTER_IMMEDIATE]
PRICE_EMA_SAR,82,,PCT,0.0,PCT,15.0,PCT,0.0,0.0,0.0,RE_ENTER_IMMEDIATE,30.53,41.18,0.98,0.74,18.9,1.2,317,13053.36,FIXED_TP_ONLY,Top Single EMA SAR,Top Single EMA SAR | Fixed TP 15.0% [RE_ENTER_IMMEDIATE]
PRICE_EMA_SAR,82,,PCT,0.0,PCT,20.0,PCT,0.0,0.0,0.0,RE_ENTER_IMMEDIATE,13.61,44.89,0.61,0.3,18.2,1.13,314,11360.55,FIXED_TP_ONLY,Top Single EMA SAR,Top Single EMA SAR | Fixed TP 20.0% [RE_ENTER_IMMEDIATE]
PRICE_EMA_SAR,82,,PCT,0.0,PCT,30.0,PCT,0.0,0.0,0.0,RE_ENTER_IMMEDIATE,8.03,41.41,0.47,0.19,17.9,1.11,312,10802.79,FIXED_TP_ONLY,Top Single EMA SAR,Top Single EMA SAR | Fixed TP 30.0% [RE_ENTER_IMMEDIATE]
PRICE_EMA_SAR,82,,PCT,0.0,PCT,50.0,PCT,0.0,0.0,0.0,RE_ENTER_IMMEDIATE,6.5,41.41,0.44,0.16,17.7,1.1,310,10650.31,FIXED_TP_ONLY,Top Single EMA SAR,Top Single EMA SAR | Fixed TP 50.0% [RE_ENTER_IMMEDIATE]
PRICE_EMA_SAR,82,,PCT,0.0,PCT,100.0,PCT,0.0,0.0,0.0,RE_ENTER_IMMEDIATE,6.5,41.41,0.44,0.16,17.7,1.1,310,10650.31,FIXED_TP_ONLY,Top Single EMA SAR,Top Single EMA SAR | Fixed TP 100.0% [RE_ENTER_IMMEDIATE]
PRICE_EMA_SAR,82,,PCT,0.0,PRICE,50.0,PCT,0.0,0.0,0.0,RE_ENTER_IMMEDIATE,581.49,28.86,5.2,20.15,0.0,0.0,0,68148.65,FIXED_TP_ONLY,Top Single EMA SAR,Top Single EMA SAR | Fixed TP $50 [RE_ENTER_IMMEDIATE]
PRICE_EMA_SAR,82,,PCT,0.0,PRICE,100.0,PCT,0.0,0.0,0.0,RE_ENTER_IMMEDIATE,300.36,29.61,3.72,10.14,0.0,0.0,0,40036.11,FIXED_TP_ONLY,Top Single EMA SAR,Top Single EMA SAR | Fixed TP $100 [RE_ENTER_IMMEDIATE]
PRICE_EMA_SAR,82,,PCT,0.0,PRICE,200.0,PCT,0.0,0.0,0.0,RE_ENTER_IMMEDIATE,69.18,41.3,1.63,1.67,0.0,0.0,0,16917.86,FIXED_TP_ONLY,Top Single EMA SAR,Top Single EMA SAR | Fixed TP $200 [RE_ENTER_IMMEDIATE]
PRICE_EMA_SAR,82,,PCT,0.0,PRICE,500.0,PCT,0.0,0.0,0.0,RE_ENTER_IMMEDIATE,11.92,43.48,0.56,0.27,0.0,0.0,0,11192.11,FIXED_TP_ONLY,Top Single EMA SAR,Top Single EMA SAR | Fixed TP $500 [RE_ENTER_IMMEDIATE]
PRICE_EMA_SAR,82,,PCT,0.0,PRICE,1000.0,PCT,0.0,0.0,0.0,RE_ENTER_IMMEDIATE,7.66,42.7,0.47,0.18,0.0,0.0,0,10765.66,FIXED_TP_ONLY,Top Single EMA SAR,Top Single EMA SAR | Fixed TP $1000 [RE_ENTER_IMMEDIATE]
PRICE_EMA_SAR,82,,PCT,0.0,PCT,0.0,PCT,1.0,0.0,0.0,RE_ENTER_IMMEDIATE,-99.99,99.99,-24.13,-1.0,28.1,0.34,2198,0.98,TRAILING_SL_ONLY,Top Single EMA SAR,Top Single EMA SAR | Trailing SL 1.0% [RE_ENTER_IMMEDIATE]
PRICE_EMA_SAR,82,,PCT,0.0,PCT,0.0,PCT,2.0,0.0,0.0,RE_ENTER_IMMEDIATE,-99.28,99.38,-12.96,-1.0,28.5,0.41,912,72.02,TRAILING_SL_ONLY,Top Single EMA SAR,Top Single EMA SAR | Trailing SL 2.0% [RE_ENTER_IMMEDIATE]
PRICE_EMA_SAR,82,,PCT,0.0,PCT,0.0,PCT,3.0,0.0,0.0,RE_ENTER_IMMEDIATE,-93.28,95.04,-7.07,-0.98,22.8,0.51,544,672.05,TRAILING_SL_ONLY,Top Single EMA SAR,Top Single EMA SAR | Trailing SL 3.0% [RE_ENTER_IMMEDIATE]
PRICE_EMA_SAR,82,,PCT,0.0,PCT,0.0,PCT,5.0,0.0,0.0,RE_ENTER_IMMEDIATE,-58.69,75.23,-2.26,-0.78,19.3,0.74,362,4131.48,TRAILING_SL_ONLY,Top Single EMA SAR,Top Single EMA SAR | Trailing SL 5.0% [RE_ENTER_IMMEDIATE]
PRICE_EMA_SAR,82,,PCT,0.0,PCT,0.0,PCT,7.5,0.0,0.0,RE_ENTER_IMMEDIATE,-22.65,59.89,-0.33,-0.38,17.9,0.94,319,7735.05,TRAILING_SL_ONLY,Top Single EMA SAR,Top Single EMA SAR | Trailing SL 7.5% [RE_ENTER_IMMEDIATE]
PRICE_EMA_SAR,82,,PCT,0.0,PCT,0.0,PCT,10.0,0.0,0.0,RE_ENTER_IMMEDIATE,-4.37,49.62,0.17,-0.09,18.4,1.03,316,9562.95,TRAILING_SL_ONLY,Top Single EMA SAR,Top Single EMA SAR | Trailing SL 10.0% [RE_ENTER_IMMEDIATE]
PRICE_EMA_SAR,82,,PCT,0.0,PCT,0.0,PCT,15.0,0.0,0.0,RE_ENTER_IMMEDIATE,2.59,44.68,0.36,0.06,17.7,1.08,311,10259.42,TRAILING_SL_ONLY,Top Single EMA SAR,Top Single EMA SAR | Trailing SL 15.0% [RE_ENTER_IMMEDIATE]
PRICE_EMA_SAR,82,,PCT,0.0,PCT,0.0,PCT,0.0,5.0,1.0,RE_ENTER_IMMEDIATE,-4.98,55.3,0.1,-0.09,27.1,1.01,391,9501.9,TRAILING_TP_ONLY,Top Single EMA SAR,"Top Single EMA SAR | Trailing TP (Act 5.0%, Call 1.0%) [RE_ENTER_IMMEDIATE]"
PRICE_EMA_SAR,82,,PCT,0.0,PCT,0.0,PCT,0.0,5.0,2.0,RE_ENTER_IMMEDIATE,-15.97,59.81,-0.28,-0.27,26.1,0.97,387,8402.7,TRAILING_TP_ONLY,Top Single EMA SAR,"Top Single EMA SAR | Trailing TP (Act 5.0%, Call 2.0%) [RE_ENTER_IMMEDIATE]"
PRICE_EMA_SAR,82,,PCT,0.0,PCT,0.0,PCT,0.0,10.0,2.0,RE_ENTER_IMMEDIATE,4.51,48.98,0.39,0.09,19.9,1.06,331,10450.77,TRAILING_TP_ONLY,Top Single EMA SAR,"Top Single EMA SAR | Trailing TP (Act 10.0%, Call 2.0%) [RE_ENTER_IMMEDIATE]"
PRICE_EMA_SAR,82,,PCT,0.0,PCT,0.0,PCT,0.0,10.0,3.0,RE_ENTER_IMMEDIATE,-3.2,50.83,0.17,-0.06,19.6,1.03,331,9679.68,TRAILING_TP_ONLY,Top Single EMA SAR,"Top Single EMA SAR | Trailing TP (Act 10.0%, Call 3.0%) [RE_ENTER_IMMEDIATE]"
PRICE_EMA_SAR,82,,PCT,0.0,PCT,0.0,PCT,0.0,15.0,3.0,RE_ENTER_IMMEDIATE,9.48,42.41,0.52,0.22,18.9,1.09,317,10947.78,TRAILING_TP_ONLY,Top Single EMA SAR,"Top Single EMA SAR | Trailing TP (Act 15.0%, Call 3.0%) [RE_ENTER_IMMEDIATE]"
PRICE_EMA_SAR,82,,PCT,0.0,PCT,0.0,PCT,0.0,20.0,5.0,RE_ENTER_IMMEDIATE,4.26,47.57,0.39,0.09,18.2,1.08,314,10425.92,TRAILING_TP_ONLY,Top Single EMA SAR,"Top Single EMA SAR | Trailing TP (Act 20.0%, Call 5.0%) [RE_ENTER_IMMEDIATE]"
PRICE_EMA_SAR,82,,PCT,0.0,PCT,0.0,PCT,0.0,30.0,5.0,RE_ENTER_IMMEDIATE,1.09,42.7,0.32,0.03,17.6,1.07,312,10109.03,TRAILING_TP_ONLY,Top Single EMA SAR,"Top Single EMA SAR | Trailing TP (Act 30.0%, Call 5.0%) [RE_ENTER_IMMEDIATE]"
PRICE_EMA_SAR,82,,PCT,3.0,PCT,10.0,PCT,0.0,0.0,0.0,RE_ENTER_IMMEDIATE,10.21,59.94,0.54,0.17,19.4,1.09,350,11020.84,FIXED_SL_AND_TP,Top Single EMA SAR,Top Single EMA SAR | Fixed SL 3.0% + TP 10.0% [RE_ENTER_IMMEDIATE]
PRICE_EMA_SAR,82,,PCT,3.0,PCT,20.0,PCT,0.0,0.0,0.0,RE_ENTER_IMMEDIATE,-10.74,54.01,0.01,-0.2,17.8,1.0,320,8925.76,FIXED_SL_AND_TP,Top Single EMA SAR,Top Single EMA SAR | Fixed SL 3.0% + TP 20.0% [RE_ENTER_IMMEDIATE]
PRICE_EMA_SAR,82,,PCT,3.0,PCT,30.0,PCT,0.0,0.0,0.0,RE_ENTER_IMMEDIATE,-10.61,50.15,0.04,-0.21,17.8,1.01,315,8938.61,FIXED_SL_AND_TP,Top Single EMA SAR,Top Single EMA SAR | Fixed SL 3.0% + TP 30.0% [RE_ENTER_IMMEDIATE]
PRICE_EMA_SAR,82,,PCT,5.0,PCT,10.0,PCT,0.0,0.0,0.0,RE_ENTER_IMMEDIATE,37.02,48.51,1.08,0.76,19.6,1.19,336,13702.12,FIXED_SL_AND_TP,Top Single EMA SAR,Top Single EMA SAR | Fixed SL 5.0% + TP 10.0% [RE_ENTER_IMMEDIATE]
PRICE_EMA_SAR,82,,PCT,5.0,PCT,20.0,PCT,0.0,0.0,0.0,RE_ENTER_IMMEDIATE,9.03,47.11,0.5,0.19,18.1,1.1,315,10902.59,FIXED_SL_AND_TP,Top Single EMA SAR,Top Single EMA SAR | Fixed SL 5.0% + TP 20.0% [RE_ENTER_IMMEDIATE]
PRICE_EMA_SAR,82,,PCT,5.0,PCT,30.0,PCT,0.0,0.0,0.0,RE_ENTER_IMMEDIATE,4.58,43.28,0.4,0.11,17.9,1.09,312,10458.07,FIXED_SL_AND_TP,Top Single EMA SAR,Top Single EMA SAR | Fixed SL 5.0% + TP 30.0% [RE_ENTER_IMMEDIATE]
PRICE_EMA_SAR,82,,PCT,10.0,PCT,10.0,PCT,0.0,0.0,0.0,RE_ENTER_IMMEDIATE,50.25,43.54,1.3,1.15,19.9,1.24,332,15025.17,FIXED_SL_AND_TP,Top Single EMA SAR,Top Single EMA SAR | Fixed SL 10.0% + TP 10.0% [RE_ENTER_IMMEDIATE]
PRICE_EMA_SAR,82,,PCT,10.0,PCT,20.0,PCT,0.0,0.0,0.0,RE_ENTER_IMMEDIATE,13.61,44.89,0.61,0.3,18.2,1.13,314,11360.55,FIXED_SL_AND_TP,Top Single EMA SAR,Top Single EMA SAR | Fixed SL 10.0% + TP 20.0% [RE_ENTER_IMMEDIATE]
PRICE_EMA_SAR,82,,PCT,10.0,PCT,30.0,PCT,0.0,0.0,0.0,RE_ENTER_IMMEDIATE,8.03,41.41,0.47,0.19,17.9,1.11,312,10802.79,FIXED_SL_AND_TP,Top Single EMA SAR,Top Single EMA SAR | Fixed SL 10.0% + TP 30.0% [RE_ENTER_IMMEDIATE]
PRICE_EMA_SAR,82,,PCT,0.0,PCT,15.0,PCT,3.0,0.0,0.0,RE_ENTER_IMMEDIATE,-93.28,95.04,-7.07,-0.98,22.8,0.51,544,672.05,TRAILING_SL_AND_FIXED_TP,Top Single EMA SAR,Top Single EMA SAR | TSL 3.0% + Fixed TP 15.0% [RE_ENTER_IMMEDIATE]
PRICE_EMA_SAR,82,,PCT,0.0,PCT,30.0,PCT,3.0,0.0,0.0,RE_ENTER_IMMEDIATE,-93.28,95.04,-7.07,-0.98,22.8,0.51,544,672.05,TRAILING_SL_AND_FIXED_TP,Top Single EMA SAR,Top Single EMA SAR | TSL 3.0% + Fixed TP 30.0% [RE_ENTER_IMMEDIATE]
PRICE_EMA_SAR,82,,PCT,0.0,PCT,15.0,PCT,5.0,0.0,0.0,RE_ENTER_IMMEDIATE,-57.31,74.4,-2.1,-0.77,19.3,0.75,362,4269.46,TRAILING_SL_AND_FIXED_TP,Top Single EMA SAR,Top Single EMA SAR | TSL 5.0% + Fixed TP 15.0% [RE_ENTER_IMMEDIATE]
PRICE_EMA_SAR,82,,PCT,0.0,PCT,30.0,PCT,5.0,0.0,0.0,RE_ENTER_IMMEDIATE,-58.69,75.23,-2.26,-0.78,19.3,0.74,362,4131.48,TRAILING_SL_AND_FIXED_TP,Top Single EMA SAR,Top Single EMA SAR | TSL 5.0% + Fixed TP 30.0% [RE_ENTER_IMMEDIATE]
