Logic,Fast_EMA,Slow_EMA,Total_Ret_Pct,CAGR_Pct,Alpha_Pct,Max_DD_Pct,Sharpe,Sortino,Calmar,Win_Rate_Pct,Profit_Factor,Expectancy_Pct,Total_Trades,Avg_Hold_Hours,Exposure_Pct,Fees_Applied_Pct,Pos_Months,M_Jan,M_Feb,M_Mar,M_Apr,M_May,M_Jun,M_Jul,M_Aug
EMA_CROSS_LONG_ONLY,208,224,37.02,63.67,55.7,16.97,1.55,1.6,3.75,62.5,7.21,4.41,8,348.5,49.79,0.8,4,-0.04,0.0,0.2,5.5,-4.77,0.0,5.93,28.55
EMA_CROSS_LONG_ONLY,209,223,37.02,63.67,55.7,16.97,1.55,1.6,3.75,62.5,7.21,4.41,8,348.5,49.79,0.8,4,-0.04,0.0,0.2,5.5,-4.77,0.0,5.93,28.55
EMA_CROSS_LONG_ONLY,198,234,36.79,63.24,55.47,16.97,1.54,1.59,3.73,62.5,7.18,4.38,8,348.0,49.71,0.8,4,-0.04,0.0,0.2,5.5,-4.77,0.0,5.93,28.33
EMA_CROSS_LONG_ONLY,199,233,36.79,63.24,55.47,16.97,1.54,1.59,3.73,62.5,7.18,4.38,8,348.0,49.71,0.8,4,-0.04,0.0,0.2,5.5,-4.77,0.0,5.93,28.33
EMA_CROSS_LONG_ONLY,199,232,36.33,62.38,55.0,16.97,1.52,1.58,3.68,62.5,7.12,4.34,8,347.8,49.68,0.8,4,-0.04,0.0,0.2,5.5,-4.77,0.0,5.93,27.9
EMA_CROSS_LONG_ONLY,198,233,36.33,62.38,55.0,16.97,1.52,1.58,3.68,62.5,7.12,4.34,8,347.8,49.68,0.8,4,-0.04,0.0,0.2,5.5,-4.77,0.0,5.93,27.9
EMA_CROSS_LONG_ONLY,202,229,36.33,62.38,55.0,16.97,1.52,1.58,3.68,62.5,7.12,4.34,8,347.8,49.68,0.8,4,-0.04,0.0,0.2,5.5,-4.77,0.0,5.93,27.9
EMA_CROSS_LONG_ONLY,210,221,36.33,62.38,55.0,16.97,1.52,1.58,3.68,62.5,7.12,4.34,8,347.8,49.68,0.8,4,-0.04,0.0,0.2,5.5,-4.77,0.0,5.93,27.9
EMA_CROSS_LONG_ONLY,206,225,36.33,62.38,55.0,16.97,1.52,1.58,3.68,62.5,7.12,4.34,8,347.8,49.68,0.8,4,-0.04,0.0,0.2,5.5,-4.77,0.0,5.93,27.9
EMA_CROSS_LONG_ONLY,208,223,36.33,62.38,55.0,16.97,1.52,1.58,3.68,62.5,7.12,4.34,8,347.8,49.68,0.8,4,-0.04,0.0,0.2,5.5,-4.77,0.0,5.93,27.9
EMA_CROSS_LONG_ONLY,207,224,36.33,62.38,55.0,16.97,1.52,1.58,3.68,62.5,7.12,4.34,8,347.8,49.68,0.8,4,-0.04,0.0,0.2,5.5,-4.77,0.0,5.93,27.9
EMA_CROSS_LONG_ONLY,205,226,36.33,62.38,55.0,16.97,1.52,1.58,3.68,62.5,7.12,4.34,8,347.8,49.68,0.8,4,-0.04,0.0,0.2,5.5,-4.77,0.0,5.93,27.9
EMA_CROSS_LONG_ONLY,203,228,36.33,62.38,55.0,16.97,1.52,1.58,3.68,62.5,7.12,4.34,8,347.8,49.68,0.8,4,-0.04,0.0,0.2,5.5,-4.77,0.0,5.93,27.9
EMA_CROSS_LONG_ONLY,200,231,36.33,62.38,55.0,16.97,1.52,1.58,3.68,62.5,7.12,4.34,8,347.8,49.68,0.8,4,-0.04,0.0,0.2,5.5,-4.77,0.0,5.93,27.9
EMA_CROSS_LONG_ONLY,201,230,36.33,62.38,55.0,16.97,1.52,1.58,3.68,62.5,7.12,4.34,8,347.8,49.68,0.8,4,-0.04,0.0,0.2,5.5,-4.77,0.0,5.93,27.9
EMA_CROSS_LONG_ONLY,209,222,36.33,62.38,55.0,16.97,1.52,1.58,3.68,62.5,7.12,4.34,8,347.8,49.68,0.8,4,-0.04,0.0,0.2,5.5,-4.77,0.0,5.93,27.9
EMA_CROSS_LONG_ONLY,204,227,36.33,62.38,55.0,16.97,1.52,1.58,3.68,62.5,7.12,4.34,8,347.8,49.68,0.8,4,-0.04,0.0,0.2,5.5,-4.77,0.0,5.93,27.9
EMA_CROSS_LONG_ONLY,200,234,36.32,62.36,54.99,16.97,1.52,1.58,3.67,62.5,7.56,4.33,8,349.0,49.86,0.8,4,-0.04,0.0,0.2,5.5,-4.23,0.0,5.88,27.22
EMA_CROSS_LONG_ONLY,199,234,36.29,62.31,54.97,16.97,1.52,1.58,3.67,62.5,7.12,4.34,8,348.8,49.82,0.8,4,-0.04,0.0,0.2,5.5,-4.77,0.0,5.93,27.86
EMA_CROSS_LONG_ONLY,201,233,36.21,62.16,54.89,16.97,1.52,1.58,3.66,62.5,7.54,4.32,8,348.9,49.84,0.8,4,-0.04,0.0,0.2,5.5,-4.23,0.0,5.88,27.12
EMA_CROSS_LONG_ONLY,202,231,36.18,62.11,54.86,16.97,1.52,1.58,3.66,62.5,7.1,4.33,8,348.6,49.8,0.8,4,-0.04,0.0,0.2,5.5,-4.77,0.0,5.93,27.76
EMA_CROSS_LONG_ONLY,213,219,36.18,62.11,54.86,16.97,1.52,1.58,3.66,62.5,7.1,4.33,8,348.6,49.8,0.8,4,-0.04,0.0,0.2,5.5,-4.77,0.0,5.93,27.76
EMA_CROSS_LONG_ONLY,201,232,36.18,62.11,54.86,16.97,1.52,1.58,3.66,62.5,7.1,4.33,8,348.6,49.8,0.8,4,-0.04,0.0,0.2,5.5,-4.77,0.0,5.93,27.76
EMA_CROSS_LONG_ONLY,214,218,36.18,62.11,54.86,16.97,1.52,1.58,3.66,62.5,7.1,4.33,8,348.6,49.8,0.8,4,-0.04,0.0,0.2,5.5,-4.77,0.0,5.93,27.76
EMA_CROSS_LONG_ONLY,200,233,36.18,62.11,54.86,16.97,1.52,1.58,3.66,62.5,7.1,4.33,8,348.6,49.8,0.8,4,-0.04,0.0,0.2,5.5,-4.77,0.0,5.93,27.76
EMA_CROSS_LONG_ONLY,215,217,36.18,62.11,54.86,16.97,1.52,1.58,3.66,62.5,7.1,4.33,8,348.6,49.8,0.8,4,-0.04,0.0,0.2,5.5,-4.77,0.0,5.93,27.76
EMA_CROSS_LONG_ONLY,212,220,36.18,62.11,54.86,16.97,1.52,1.58,3.66,62.5,7.1,4.33,8,348.6,49.8,0.8,4,-0.04,0.0,0.2,5.5,-4.77,0.0,5.93,27.76
EMA_CROSS_LONG_ONLY,211,221,36.18,62.11,54.86,16.97,1.52,1.58,3.66,62.5,7.1,4.33,8,348.6,49.8,0.8,4,-0.04,0.0,0.2,5.5,-4.77,0.0,5.93,27.76
EMA_CROSS_LONG_ONLY,210,222,36.18,62.11,54.86,16.97,1.52,1.58,3.66,62.5,7.1,4.33,8,348.6,49.8,0.8,4,-0.04,0.0,0.2,5.5,-4.77,0.0,5.93,27.76
EMA_CROSS_LONG_ONLY,207,225,36.17,62.08,54.84,16.97,1.52,1.57,3.66,55.56,6.57,3.85,9,309.6,49.75,0.9,4,-0.04,0.0,0.2,5.5,-4.77,0.0,5.93,27.74
EMA_CROSS_LONG_ONLY,203,229,36.17,62.08,54.84,16.97,1.52,1.57,3.66,55.56,6.57,3.85,9,309.6,49.75,0.9,4,-0.04,0.0,0.2,5.5,-4.77,0.0,5.93,27.74
EMA_CROSS_LONG_ONLY,204,228,36.17,62.08,54.84,16.97,1.52,1.57,3.66,55.56,6.57,3.85,9,309.6,49.75,0.9,4,-0.04,0.0,0.2,5.5,-4.77,0.0,5.93,27.74
EMA_CROSS_LONG_ONLY,205,227,36.17,62.08,54.84,16.97,1.52,1.57,3.66,55.56,6.57,3.85,9,309.6,49.75,0.9,4,-0.04,0.0,0.2,5.5,-4.77,0.0,5.93,27.74
EMA_CROSS_LONG_ONLY,206,226,36.17,62.08,54.84,16.97,1.52,1.57,3.66,55.56,6.57,3.85,9,309.6,49.75,0.9,4,-0.04,0.0,0.2,5.5,-4.77,0.0,5.93,27.74
EMA_CROSS_LONG_ONLY,205,228,36.13,62.01,54.81,16.97,1.52,1.57,3.65,62.5,7.09,4.32,8,348.5,49.79,0.8,4,-0.04,0.0,0.2,5.5,-4.77,0.0,5.88,27.76
EMA_CROSS_LONG_ONLY,206,227,36.13,62.01,54.81,16.97,1.52,1.57,3.65,62.5,7.09,4.32,8,348.5,49.79,0.8,4,-0.04,0.0,0.2,5.5,-4.77,0.0,5.88,27.76
EMA_CROSS_LONG_ONLY,203,230,36.13,62.01,54.81,16.97,1.52,1.57,3.65,62.5,7.09,4.32,8,348.5,49.79,0.8,4,-0.04,0.0,0.2,5.5,-4.77,0.0,5.88,27.76
EMA_CROSS_LONG_ONLY,204,229,36.13,62.01,54.81,16.97,1.52,1.57,3.65,62.5,7.09,4.32,8,348.5,49.79,0.8,4,-0.04,0.0,0.2,5.5,-4.77,0.0,5.88,27.76
EMA_CROSS_LONG_ONLY,202,230,36.05,61.86,54.73,16.97,1.52,1.57,3.65,55.56,6.56,3.84,9,309.4,49.73,0.9,4,-0.04,0.0,0.2,5.5,-4.77,0.0,5.93,27.64
EMA_CROSS_LONG_ONLY,200,232,36.05,61.86,54.73,16.97,1.52,1.57,3.65,55.56,6.56,3.84,9,309.4,49.73,0.9,4,-0.04,0.0,0.2,5.5,-4.77,0.0,5.93,27.64
EMA_CROSS_LONG_ONLY,201,231,36.05,61.86,54.73,16.97,1.52,1.57,3.65,55.56,6.56,3.84,9,309.4,49.73,0.9,4,-0.04,0.0,0.2,5.5,-4.77,0.0,5.93,27.64
EMA_CROSS_LONG_ONLY,215,218,35.93,61.64,54.61,16.97,1.51,1.57,3.63,62.5,6.91,4.3,8,348.6,49.8,0.8,4,-0.04,0.0,0.2,5.5,-4.77,0.0,5.88,27.57
EMA_CROSS_LONG_ONLY,210,223,35.93,61.64,54.61,16.97,1.51,1.57,3.63,62.5,6.91,4.3,8,348.6,49.8,0.8,4,-0.04,0.0,0.2,5.5,-4.77,0.0,5.88,27.57
EMA_CROSS_LONG_ONLY,209,224,35.93,61.64,54.61,16.97,1.51,1.57,3.63,62.5,6.91,4.3,8,348.6,49.8,0.8,4,-0.04,0.0,0.2,5.5,-4.77,0.0,5.88,27.57
EMA_CROSS_LONG_ONLY,216,217,35.93,61.64,54.61,16.97,1.51,1.57,3.63,62.5,6.91,4.3,8,348.6,49.8,0.8,4,-0.04,0.0,0.2,5.5,-4.77,0.0,5.88,27.57
EMA_CROSS_LONG_ONLY,211,222,35.93,61.64,54.61,16.97,1.51,1.57,3.63,62.5,6.91,4.3,8,348.6,49.8,0.8,4,-0.04,0.0,0.2,5.5,-4.77,0.0,5.88,27.57
EMA_CROSS_LONG_ONLY,213,220,35.93,61.64,54.61,16.97,1.51,1.57,3.63,62.5,6.91,4.3,8,348.6,49.8,0.8,4,-0.04,0.0,0.2,5.5,-4.77,0.0,5.88,27.57
EMA_CROSS_LONG_ONLY,207,226,35.93,61.64,54.61,16.97,1.51,1.57,3.63,62.5,6.91,4.3,8,348.6,49.8,0.8,4,-0.04,0.0,0.2,5.5,-4.77,0.0,5.88,27.57
EMA_CROSS_LONG_ONLY,208,225,35.93,61.64,54.61,16.97,1.51,1.57,3.63,62.5,6.91,4.3,8,348.6,49.8,0.8,4,-0.04,0.0,0.2,5.5,-4.77,0.0,5.88,27.57
EMA_CROSS_LONG_ONLY,212,221,35.93,61.64,54.61,16.97,1.51,1.57,3.63,62.5,6.91,4.3,8,348.6,49.8,0.8,4,-0.04,0.0,0.2,5.5,-4.77,0.0,5.88,27.57
