direction,entry_time,entry_price,exit_time,exit_price,duration,pnl,reason
SHORT,2026-01-01T00:00,2979.81,2026-01-01T01:00,2984.32,1,-0.25,Signal flip
LONG,2026-01-01T01:00,2984.32,2026-01-01T03:00,2980.0,2,-0.24,Signal flip
SHORT,2026-01-01T03:00,2980.0,2026-01-01T05:00,2981.49,2,-0.15,Signal flip
LONG,2026-01-01T05:00,2981.49,2026-01-01T06:00,2975.89,1,-0.29,Signal flip
SHORT,2026-01-01T06:00,2975.89,2026-01-01T08:00,2982.59,2,-0.32,Signal flip
LONG,2026-01-01T08:00,2982.59,2026-01-06T17:00,3196.43,129,7.07,Signal flip
SHORT,2026-01-06T17:00,3196.43,2026-01-06T18:00,3218.91,1,-0.8,Signal flip
LONG,2026-01-06T18:00,3218.91,2026-01-07T09:00,3200.18,15,-0.68,Signal flip
SHORT,2026-01-07T09:00,3200.18,2026-01-09T16:00,3133.13,55,2.04,Signal flip
LONG,2026-01-09T16:00,3133.13,2026-01-09T17:00,3114.41,1,-0.7,Signal flip
SHORT,2026-01-09T17:00,3114.41,2026-01-11T08:00,3103.38,39,0.26,Signal flip
LONG,2026-01-11T08:00,3103.38,2026-01-12T08:00,3115.47,24,0.29,Signal flip
SHORT,2026-01-12T08:00,3115.47,2026-01-12T15:00,3130.17,7,-0.57,Signal flip
LONG,2026-01-12T15:00,3130.17,2026-01-12T17:00,3104.88,2,-0.91,Signal flip
SHORT,2026-01-12T17:00,3104.88,2026-01-12T19:00,3121.83,2,-0.64,Signal flip
LONG,2026-01-12T19:00,3121.83,2026-01-12T20:00,3102.57,1,-0.72,Signal flip
SHORT,2026-01-12T20:00,3102.57,2026-01-13T03:00,3116.14,7,-0.54,Signal flip
LONG,2026-01-13T03:00,3116.14,2026-01-15T17:00,3301.46,62,5.85,Signal flip
SHORT,2026-01-15T17:00,3301.46,2026-01-15T22:00,3309.11,5,-0.33,Signal flip
LONG,2026-01-15T22:00,3309.11,2026-01-16T03:00,3295.21,5,-0.52,Signal flip
SHORT,2026-01-16T03:00,3295.21,2026-01-16T05:00,3309.23,2,-0.52,Signal flip
LONG,2026-01-16T05:00,3309.23,2026-01-16T10:00,3297.75,5,-0.45,Signal flip
SHORT,2026-01-16T10:00,3297.75,2026-01-16T12:00,3308.87,2,-0.44,Signal flip
LONG,2026-01-16T12:00,3308.87,2026-01-16T14:00,3294.12,2,-0.55,Signal flip
SHORT,2026-01-16T14:00,3294.12,2026-01-17T08:00,3296.48,18,-0.17,Signal flip
LONG,2026-01-17T08:00,3296.48,2026-01-17T22:00,3302.0,14,0.07,Signal flip
SHORT,2026-01-17T22:00,3302.0,2026-01-17T23:00,3310.56,1,-0.36,Signal flip
LONG,2026-01-17T23:00,3310.56,2026-01-18T01:00,3301.15,2,-0.38,Signal flip
SHORT,2026-01-18T01:00,3301.15,2026-01-18T02:00,3303.45,1,-0.17,Signal flip
LONG,2026-01-18T02:00,3303.45,2026-01-18T23:00,3284.03,21,-0.69,Signal flip
SHORT,2026-01-18T23:00,3284.03,2026-01-21T19:00,3055.56,68,7.38,Signal flip
LONG,2026-01-21T19:00,3055.56,2026-01-21T20:00,3031.84,1,-0.88,Signal flip
SHORT,2026-01-21T20:00,3031.84,2026-01-23T17:00,2987.51,45,1.38,Signal flip
LONG,2026-01-23T17:00,2987.51,2026-01-23T19:00,2959.8,2,-1.03,Signal flip
SHORT,2026-01-23T19:00,2959.8,2026-01-24T17:00,2964.3,22,-0.25,Signal flip
LONG,2026-01-24T17:00,2964.3,2026-01-24T18:00,2963.82,1,-0.12,Signal flip
SHORT,2026-01-24T18:00,2963.82,2026-01-26T08:00,2912.29,38,1.67,Signal flip
LONG,2026-01-26T08:00,2912.29,2026-01-26T09:00,2885.87,1,-1.01,Signal flip
SHORT,2026-01-26T09:00,2885.87,2026-01-26T13:00,2909.67,4,-0.92,Signal flip
LONG,2026-01-26T13:00,2909.67,2026-01-26T15:00,2899.32,2,-0.46,Signal flip
SHORT,2026-01-26T15:00,2899.32,2026-01-26T17:00,2909.42,2,-0.45,Signal flip
LONG,2026-01-26T17:00,2909.42,2026-01-26T20:00,2901.82,3,-0.36,Signal flip
SHORT,2026-01-26T20:00,2901.82,2026-01-26T21:00,2928.97,1,-1.03,Signal flip
LONG,2026-01-26T21:00,2928.97,2026-01-27T09:00,2907.69,12,-0.83,Signal flip
SHORT,2026-01-27T09:00,2907.69,2026-01-27T11:00,2917.02,2,-0.42,Signal flip
LONG,2026-01-27T11:00,2917.02,2026-01-27T13:00,2912.61,2,-0.25,Signal flip
SHORT,2026-01-27T13:00,2912.61,2026-01-27T14:00,2918.65,1,-0.31,Signal flip
LONG,2026-01-27T14:00,2918.65,2026-01-29T02:00,2959.23,36,1.29,Signal flip
SHORT,2026-01-29T02:00,2959.23,2026-02-06T16:00,2036.17,206,45.23,Signal flip
LONG,2026-02-06T16:00,2036.17,2026-02-07T07:00,2027.1,15,-0.55,Signal flip
SHORT,2026-02-07T07:00,2027.1,2026-02-07T12:00,2041.33,5,-0.8,Signal flip
LONG,2026-02-07T12:00,2041.33,2026-02-07T14:00,2020.41,2,-1.12,Signal flip
SHORT,2026-02-07T14:00,2020.41,2026-02-07T15:00,2052.54,1,-1.67,Signal flip
LONG,2026-02-07T15:00,2052.54,2026-02-09T01:00,2070.89,34,0.79,Signal flip
SHORT,2026-02-09T01:00,2070.89,2026-02-09T03:00,2100.25,2,-1.5,Signal flip
LONG,2026-02-09T03:00,2100.25,2026-02-09T06:00,2081.43,3,-1.0,Signal flip
SHORT,2026-02-09T06:00,2081.43,2026-02-09T16:00,2091.21,10,-0.57,Signal flip
LONG,2026-02-09T16:00,2091.21,2026-02-10T03:00,2064.96,11,-1.36,Signal flip
SHORT,2026-02-10T03:00,2064.96,2026-02-12T10:00,1994.15,55,3.45,Signal flip
LONG,2026-02-12T10:00,1994.15,2026-02-12T12:00,1980.85,2,-0.77,Signal flip
SHORT,2026-02-12T12:00,1980.85,2026-02-12T13:00,1994.99,1,-0.81,Signal flip
LONG,2026-02-12T13:00,1994.99,2026-02-12T14:00,1978.5,1,-0.93,Signal flip
SHORT,2026-02-12T14:00,1978.5,2026-02-13T09:00,1962.0,19,0.74,Signal flip
LONG,2026-02-13T09:00,1962.0,2026-02-13T10:00,1959.4,1,-0.23,Signal flip
SHORT,2026-02-13T10:00,1959.4,2026-02-13T12:00,1960.95,2,-0.18,Signal flip
LONG,2026-02-13T12:00,1960.95,2026-02-15T12:00,2011.0,48,2.45,Signal flip
SHORT,2026-02-15T12:00,2011.0,2026-02-16T12:00,2006.24,24,0.14,Signal flip
LONG,2026-02-16T12:00,2006.24,2026-02-16T13:00,1967.7,1,-2.02,Signal flip
SHORT,2026-02-16T13:00,1967.7,2026-02-16T21:00,1999.14,8,-1.67,Signal flip
LONG,2026-02-16T21:00,1999.14,2026-02-16T22:00,1990.19,1,-0.55,Signal flip
SHORT,2026-02-16T22:00,1990.19,2026-02-16T23:00,1998.33,1,-0.51,Signal flip
LONG,2026-02-16T23:00,1998.33,2026-02-17T01:00,1991.82,2,-0.43,Signal flip
SHORT,2026-02-17T01:00,1991.82,2026-02-17T02:00,1998.59,1,-0.44,Signal flip
LONG,2026-02-17T02:00,1998.59,2026-02-17T03:00,1985.7,1,-0.74,Signal flip
SHORT,2026-02-17T03:00,1985.7,2026-02-17T13:00,1990.53,10,-0.34,Signal flip
LONG,2026-02-17T13:00,1990.53,2026-02-17T14:00,1948.49,1,-2.21,Signal flip
SHORT,2026-02-17T14:00,1948.49,2026-02-17T18:00,1998.69,4,-2.61,Signal flip
LONG,2026-02-17T18:00,1998.69,2026-02-18T00:00,1981.54,6,-0.96,Signal flip
SHORT,2026-02-18T00:00,1981.54,2026-02-18T03:00,1997.07,3,-0.88,Signal flip
LONG,2026-02-18T03:00,1997.07,2026-02-18T11:00,1981.43,8,-0.88,Signal flip
SHORT,2026-02-18T11:00,1981.43,2026-02-19T06:00,1982.92,19,-0.18,Signal flip
LONG,2026-02-19T06:00,1982.92,2026-02-19T08:00,1970.5,2,-0.73,Signal flip
SHORT,2026-02-19T08:00,1970.5,2026-02-20T07:00,1960.97,23,0.39,Signal flip
LONG,2026-02-20T07:00,1960.97,2026-02-20T10:00,1957.54,3,-0.27,Signal flip
SHORT,2026-02-20T10:00,1957.54,2026-02-20T15:00,1963.95,5,-0.43,Signal flip
LONG,2026-02-20T15:00,1963.95,2026-02-21T03:00,1959.03,12,-0.35,Signal flip
SHORT,2026-02-21T03:00,1959.03,2026-02-21T04:00,1962.4,1,-0.27,Signal flip
LONG,2026-02-21T04:00,1962.4,2026-02-22T12:00,1966.37,32,0.1,Signal flip
SHORT,2026-02-22T12:00,1966.37,2026-02-25T01:00,1918.34,61,2.4,Signal flip
LONG,2026-02-25T01:00,1918.34,2026-02-26T16:00,1983.8,39,3.31,Signal flip
SHORT,2026-02-26T16:00,1983.8,2026-02-26T18:00,2004.23,2,-1.12,Signal flip
LONG,2026-02-26T18:00,2004.23,2026-02-27T09:00,2010.01,15,0.19,Signal flip
SHORT,2026-02-27T09:00,2010.01,2026-02-28T18:00,1936.08,33,3.72,Signal flip
LONG,2026-02-28T18:00,1936.08,2026-03-01T17:00,1961.17,23,1.2,Signal flip
SHORT,2026-03-01T17:00,1961.17,2026-03-01T18:00,1975.82,1,-0.84,Signal flip
LONG,2026-03-01T18:00,1975.82,2026-03-01T19:00,1953.9,1,-1.21,Signal flip
SHORT,2026-03-01T19:00,1953.9,2026-03-02T01:00,1963.71,6,-0.6,Signal flip
LONG,2026-03-02T01:00,1963.71,2026-03-02T02:00,1955.63,1,-0.51,Signal flip
SHORT,2026-03-02T02:00,1955.63,2026-03-02T03:00,1972.3,1,-0.95,Signal flip
LONG,2026-03-02T03:00,1972.3,2026-03-02T06:00,1943.31,3,-1.57,Signal flip
SHORT,2026-03-02T06:00,1943.31,2026-03-02T14:00,1979.75,8,-1.94,Signal flip
LONG,2026-03-02T14:00,1979.75,2026-03-03T08:00,1953.1,18,-1.45,Signal flip
SHORT,2026-03-03T08:00,1953.1,2026-03-03T16:00,1983.98,8,-1.66,Signal flip
LONG,2026-03-03T16:00,1983.98,2026-03-03T17:00,1980.6,1,-0.27,Signal flip
SHORT,2026-03-03T17:00,1980.6,2026-03-03T18:00,1988.2,1,-0.48,Signal flip
LONG,2026-03-03T18:00,1988.2,2026-03-03T20:00,1978.34,2,-0.6,Signal flip
SHORT,2026-03-03T20:00,1978.34,2026-03-03T22:00,1983.31,2,-0.35,Signal flip
LONG,2026-03-03T22:00,1983.31,2026-03-04T00:00,1976.68,2,-0.43,Signal flip
SHORT,2026-03-04T00:00,1976.68,2026-03-04T01:00,1981.73,1,-0.35,Signal flip
LONG,2026-03-04T01:00,1981.73,2026-03-04T02:00,1979.24,1,-0.23,Signal flip
SHORT,2026-03-04T02:00,1979.24,2026-03-04T06:00,1980.33,4,-0.16,Signal flip
LONG,2026-03-04T06:00,1980.33,2026-03-05T16:00,2080.17,34,4.94,Signal flip
SHORT,2026-03-05T16:00,2080.17,2026-03-05T20:00,2092.43,4,-0.69,Signal flip
LONG,2026-03-05T20:00,2092.43,2026-03-05T21:00,2080.6,1,-0.67,Signal flip
SHORT,2026-03-05T21:00,2080.6,2026-03-06T01:00,2087.65,4,-0.44,Signal flip
LONG,2026-03-06T01:00,2087.65,2026-03-06T04:00,2070.86,3,-0.9,Signal flip
SHORT,2026-03-06T04:00,2070.86,2026-03-06T07:00,2082.83,3,-0.67,Signal flip
LONG,2026-03-06T07:00,2082.83,2026-03-06T08:00,2075.96,1,-0.43,Signal flip
SHORT,2026-03-06T08:00,2075.96,2026-03-09T03:00,1977.48,67,4.88,Signal flip
LONG,2026-03-09T03:00,1977.48,2026-03-11T02:00,2026.71,47,2.39,Signal flip
SHORT,2026-03-11T02:00,2026.71,2026-03-11T04:00,2039.08,2,-0.71,Signal flip
LONG,2026-03-11T04:00,2039.08,2026-03-11T05:00,2014.63,1,-1.3,Signal flip
SHORT,2026-03-11T05:00,2014.63,2026-03-11T10:00,2028.68,5,-0.79,Signal flip
LONG,2026-03-11T10:00,2028.68,2026-03-11T11:00,2017.8,1,-0.64,Signal flip
SHORT,2026-03-11T11:00,2017.8,2026-03-11T13:00,2050.72,2,-1.71,Signal flip
LONG,2026-03-11T13:00,2050.72,2026-03-12T02:00,2024.67,13,-1.37,Signal flip
SHORT,2026-03-12T02:00,2024.67,2026-03-12T07:00,2040.7,5,-0.89,Signal flip
LONG,2026-03-12T07:00,2040.7,2026-03-13T22:00,2088.97,39,2.27,Signal flip
SHORT,2026-03-13T22:00,2088.97,2026-03-13T23:00,2092.22,1,-0.26,Signal flip
LONG,2026-03-13T23:00,2092.22,2026-03-14T00:00,2085.32,1,-0.43,Signal flip
SHORT,2026-03-14T00:00,2085.32,2026-03-14T01:00,2092.55,1,-0.45,Signal flip
LONG,2026-03-14T01:00,2092.55,2026-03-14T04:00,2090.42,3,-0.2,Signal flip
SHORT,2026-03-14T04:00,2090.42,2026-03-14T05:00,2092.46,1,-0.2,Signal flip
LONG,2026-03-14T05:00,2092.46,2026-03-14T06:00,2078.02,1,-0.79,Signal flip
SHORT,2026-03-14T06:00,2078.02,2026-03-14T20:00,2086.01,14,-0.48,Signal flip
LONG,2026-03-14T20:00,2086.01,2026-03-15T15:00,2093.79,19,0.27,Signal flip
SHORT,2026-03-15T15:00,2093.79,2026-03-15T17:00,2110.77,2,-0.9,Signal flip
LONG,2026-03-15T17:00,2110.77,2026-03-18T11:00,2269.34,66,7.41,Signal flip
SHORT,2026-03-18T11:00,2269.34,2026-03-23T11:00,2134.78,120,6.2,Signal flip
LONG,2026-03-23T11:00,2134.78,2026-03-24T16:00,2127.2,29,-0.46,Signal flip
SHORT,2026-03-24T16:00,2127.2,2026-03-24T20:00,2148.48,4,-1.09,Signal flip
LONG,2026-03-24T20:00,2148.48,2026-03-26T02:00,2149.97,30,-0.03,Signal flip
SHORT,2026-03-26T02:00,2149.97,2026-03-30T01:00,2010.43,95,6.84,Signal flip
LONG,2026-03-30T01:00,2010.43,2026-03-30T19:00,2023.7,18,0.56,Signal flip
SHORT,2026-03-30T19:00,2023.7,2026-03-30T21:00,2036.0,2,-0.7,Signal flip
LONG,2026-03-30T21:00,2036.0,2026-03-30T23:00,2026.48,2,-0.57,Signal flip
SHORT,2026-03-30T23:00,2026.48,2026-03-31T00:00,2036.65,1,-0.6,Signal flip
LONG,2026-03-31T00:00,2036.65,2026-03-31T09:00,2018.37,9,-1.0,Signal flip
SHORT,2026-03-31T09:00,2018.37,2026-03-31T11:00,2041.2,2,-1.22,Signal flip
LONG,2026-03-31T11:00,2041.2,2026-04-02T01:00,2100.03,38,2.78,Signal flip
SHORT,2026-04-02T01:00,2100.03,2026-04-04T19:00,2064.71,66,1.61,Signal flip
LONG,2026-04-04T19:00,2064.71,2026-04-05T01:00,2057.37,6,-0.46,Signal flip
SHORT,2026-04-05T01:00,2057.37,2026-04-05T02:00,2059.86,1,-0.22,Signal flip
LONG,2026-04-05T02:00,2059.86,2026-04-05T03:00,2056.64,1,-0.26,Signal flip
SHORT,2026-04-05T03:00,2056.64,2026-04-05T15:00,2053.85,12,0.04,Signal flip
LONG,2026-04-05T15:00,2053.85,2026-04-05T16:00,2052.15,1,-0.18,Signal flip
SHORT,2026-04-05T16:00,2052.15,2026-04-05T17:00,2062.53,1,-0.6,Signal flip
LONG,2026-04-05T17:00,2062.53,2026-04-06T22:00,2105.41,29,1.98,Signal flip
SHORT,2026-04-06T22:00,2105.41,2026-04-06T23:00,2107.16,1,-0.18,Signal flip
LONG,2026-04-06T23:00,2107.16,2026-04-07T01:00,2099.51,2,-0.46,Signal flip
SHORT,2026-04-07T01:00,2099.51,2026-04-07T03:00,2108.37,2,-0.52,Signal flip
LONG,2026-04-07T03:00,2108.37,2026-04-07T05:00,2105.52,2,-0.24,Signal flip
SHORT,2026-04-07T05:00,2105.52,2026-04-07T08:00,2114.84,3,-0.54,Signal flip
LONG,2026-04-07T08:00,2114.84,2026-04-07T10:00,2089.32,2,-1.31,Signal flip
SHORT,2026-04-07T10:00,2089.32,2026-04-07T19:00,2113.39,9,-1.24,Signal flip
LONG,2026-04-07T19:00,2113.39,2026-04-09T01:00,2178.69,30,2.99,Signal flip
SHORT,2026-04-09T01:00,2178.69,2026-04-09T03:00,2182.49,2,-0.27,Signal flip
LONG,2026-04-09T03:00,2182.49,2026-04-09T04:00,2177.64,1,-0.32,Signal flip
SHORT,2026-04-09T04:00,2177.64,2026-04-09T05:00,2182.17,1,-0.31,Signal flip
LONG,2026-04-09T05:00,2182.17,2026-04-09T06:00,2181.51,1,-0.13,Signal flip
SHORT,2026-04-09T06:00,2181.51,2026-04-09T08:00,2186.37,2,-0.32,Signal flip
LONG,2026-04-09T08:00,2186.37,2026-04-09T11:00,2180.26,3,-0.38,Signal flip
SHORT,2026-04-09T11:00,2180.26,2026-04-09T12:00,2183.34,1,-0.24,Signal flip
LONG,2026-04-09T12:00,2183.34,2026-04-09T13:00,2165.22,1,-0.93,Signal flip
SHORT,2026-04-09T13:00,2165.22,2026-04-09T15:00,2217.99,2,-2.48,Signal flip
LONG,2026-04-09T15:00,2217.99,2026-04-10T02:00,2189.12,11,-1.4,Signal flip
SHORT,2026-04-10T02:00,2189.12,2026-04-10T04:00,2195.71,2,-0.4,Signal flip
LONG,2026-04-10T04:00,2195.71,2026-04-10T06:00,2186.2,2,-0.53,Signal flip
SHORT,2026-04-10T06:00,2186.2,2026-04-10T09:00,2196.03,3,-0.55,Signal flip
LONG,2026-04-10T09:00,2196.03,2026-04-12T01:00,2219.05,40,0.95,Signal flip
SHORT,2026-04-12T01:00,2219.05,2026-04-13T13:00,2215.47,36,0.06,Signal flip
LONG,2026-04-13T13:00,2215.47,2026-04-13T15:00,2209.28,2,-0.38,Signal flip
SHORT,2026-04-13T15:00,2209.28,2026-04-13T16:00,2225.86,1,-0.84,Signal flip
LONG,2026-04-13T16:00,2225.86,2026-04-16T10:00,2332.42,66,4.69,Signal flip
SHORT,2026-04-16T10:00,2332.42,2026-04-16T11:00,2335.67,1,-0.24,Signal flip
LONG,2026-04-16T11:00,2335.67,2026-04-16T13:00,2308.29,2,-1.27,Signal flip
SHORT,2026-04-16T13:00,2308.29,2026-04-16T15:00,2339.01,2,-1.41,Signal flip
LONG,2026-04-16T15:00,2339.01,2026-04-16T16:00,2316.76,1,-1.05,Signal flip
SHORT,2026-04-16T16:00,2316.76,2026-04-16T18:00,2343.1,2,-1.22,Signal flip
LONG,2026-04-16T18:00,2343.1,2026-04-17T01:00,2335.38,7,-0.43,Signal flip
SHORT,2026-04-17T01:00,2335.38,2026-04-17T08:00,2354.87,7,-0.93,Signal flip
LONG,2026-04-17T08:00,2354.87,2026-04-18T08:00,2380.57,24,0.99,Signal flip
SHORT,2026-04-18T08:00,2380.57,2026-04-20T12:00,2318.88,52,2.56,Signal flip
LONG,2026-04-20T12:00,2318.88,2026-04-20T13:00,2310.82,1,-0.45,Signal flip
SHORT,2026-04-20T13:00,2310.82,2026-04-20T17:00,2317.06,4,-0.37,Signal flip
LONG,2026-04-20T17:00,2317.06,2026-04-20T23:00,2313.85,6,-0.24,Signal flip
SHORT,2026-04-20T23:00,2313.85,2026-04-21T00:00,2321.94,1,-0.45,Signal flip
LONG,2026-04-21T00:00,2321.94,2026-04-21T01:00,2315.16,1,-0.39,Signal flip
SHORT,2026-04-21T01:00,2315.16,2026-04-21T06:00,2317.36,5,-0.19,Signal flip
LONG,2026-04-21T06:00,2317.36,2026-04-21T12:00,2308.54,6,-0.48,Signal flip
SHORT,2026-04-21T12:00,2308.54,2026-04-21T23:00,2327.14,11,-0.9,Signal flip
LONG,2026-04-21T23:00,2327.14,2026-04-23T02:00,2351.96,27,0.97,Signal flip
SHORT,2026-04-23T02:00,2351.96,2026-04-26T05:00,2327.84,75,0.94,Signal flip
LONG,2026-04-26T05:00,2327.84,2026-04-27T05:00,2323.18,24,-0.3,Signal flip
SHORT,2026-04-27T05:00,2323.18,2026-04-29T03:00,2311.52,46,0.4,Signal flip
LONG,2026-04-29T03:00,2311.52,2026-04-29T13:00,2303.03,10,-0.47,Signal flip
SHORT,2026-04-29T13:00,2303.03,2026-05-01T03:00,2282.87,38,0.78,Signal flip
LONG,2026-05-01T03:00,2282.87,2026-05-05T23:00,2360.77,116,3.31,Signal flip
SHORT,2026-05-05T23:00,2360.77,2026-05-06T00:00,2364.63,1,-0.26,Signal flip
LONG,2026-05-06T00:00,2364.63,2026-05-06T13:00,2368.51,13,0.06,Signal flip
SHORT,2026-05-06T13:00,2368.51,2026-05-08T18:00,2313.49,53,2.28,Signal flip
LONG,2026-05-08T18:00,2313.49,2026-05-08T20:00,2306.65,2,-0.4,Signal flip
SHORT,2026-05-08T20:00,2306.65,2026-05-08T21:00,2314.63,1,-0.44,Signal flip
LONG,2026-05-08T21:00,2314.63,2026-05-08T23:00,2307.06,2,-0.43,Signal flip
SHORT,2026-05-08T23:00,2307.06,2026-05-09T01:00,2314.22,2,-0.41,Signal flip
LONG,2026-05-09T01:00,2314.22,2026-05-09T14:00,2308.27,13,-0.36,Signal flip
SHORT,2026-05-09T14:00,2308.27,2026-05-09T15:00,2317.63,1,-0.5,Signal flip
LONG,2026-05-09T15:00,2317.63,2026-05-11T03:00,2330.56,36,0.46,Signal flip
SHORT,2026-05-11T03:00,2330.56,2026-05-11T05:00,2335.3,2,-0.3,Signal flip
LONG,2026-05-11T05:00,2335.3,2026-05-11T06:00,2333.48,1,-0.18,Signal flip
SHORT,2026-05-11T06:00,2333.48,2026-05-11T09:00,2336.08,3,-0.21,Signal flip
LONG,2026-05-11T09:00,2336.08,2026-05-11T10:00,2329.94,1,-0.36,Signal flip
SHORT,2026-05-11T10:00,2329.94,2026-05-11T11:00,2335.8,1,-0.35,Signal flip
LONG,2026-05-11T11:00,2335.8,2026-05-11T12:00,2329.5,1,-0.37,Signal flip
SHORT,2026-05-11T12:00,2329.5,2026-05-11T15:00,2333.48,3,-0.27,Signal flip
LONG,2026-05-11T15:00,2333.48,2026-05-11T16:00,2329.78,1,-0.26,Signal flip
SHORT,2026-05-11T16:00,2329.78,2026-05-11T17:00,2336.71,1,-0.4,Signal flip
LONG,2026-05-11T17:00,2336.71,2026-05-12T00:00,2333.54,7,-0.24,Signal flip
SHORT,2026-05-12T00:00,2333.54,2026-05-13T04:00,2306.67,28,1.06,Signal flip
LONG,2026-05-13T04:00,2306.67,2026-05-13T05:00,2297.76,1,-0.49,Signal flip
SHORT,2026-05-13T05:00,2297.76,2026-05-13T08:00,2316.64,3,-0.91,Signal flip
LONG,2026-05-13T08:00,2316.64,2026-05-13T11:00,2301.82,3,-0.74,Signal flip
SHORT,2026-05-13T11:00,2301.82,2026-05-14T14:00,2286.99,27,0.55,Signal flip
LONG,2026-05-14T14:00,2286.99,2026-05-15T01:00,2275.45,11,-0.6,Signal flip
SHORT,2026-05-15T01:00,2275.45,2026-05-20T06:00,2133.75,125,6.54,Signal flip
LONG,2026-05-20T06:00,2133.75,2026-05-20T13:00,2120.61,7,-0.72,Signal flip
SHORT,2026-05-20T13:00,2120.61,2026-05-20T14:00,2135.25,1,-0.79,Signal flip
LONG,2026-05-20T14:00,2135.25,2026-05-20T22:00,2128.32,8,-0.42,Signal flip
SHORT,2026-05-20T22:00,2128.32,2026-05-21T00:00,2142.92,2,-0.78,Signal flip
LONG,2026-05-21T00:00,2142.92,2026-05-21T06:00,2128.57,6,-0.77,Signal flip
SHORT,2026-05-21T06:00,2128.57,2026-05-21T07:00,2135.06,1,-0.4,Signal flip
LONG,2026-05-21T07:00,2135.06,2026-05-21T09:00,2127.98,2,-0.43,Signal flip
SHORT,2026-05-21T09:00,2127.98,2026-05-21T15:00,2132.65,6,-0.32,Signal flip
LONG,2026-05-21T15:00,2132.65,2026-05-21T16:00,2127.79,1,-0.33,Signal flip
SHORT,2026-05-21T16:00,2127.79,2026-05-21T17:00,2146.6,1,-0.98,Signal flip
LONG,2026-05-21T17:00,2146.6,2026-05-21T18:00,2126.87,1,-1.02,Signal flip
SHORT,2026-05-21T18:00,2126.87,2026-05-21T19:00,2142.83,1,-0.84,Signal flip
LONG,2026-05-21T19:00,2142.83,2026-05-22T00:00,2129.33,5,-0.73,Signal flip
SHORT,2026-05-22T00:00,2129.33,2026-05-22T01:00,2135.88,1,-0.41,Signal flip
LONG,2026-05-22T01:00,2135.88,2026-05-22T05:00,2129.21,4,-0.41,Signal flip
SHORT,2026-05-22T05:00,2129.21,2026-05-22T11:00,2130.78,6,-0.17,Signal flip
LONG,2026-05-22T11:00,2130.78,2026-05-22T13:00,2130.23,2,-0.13,Signal flip
SHORT,2026-05-22T13:00,2130.23,2026-05-23T20:00,2146.3,31,-0.85,Signal flip
LONG,2026-05-23T20:00,2146.3,2026-05-24T14:00,2097.98,18,-2.35,Signal flip
SHORT,2026-05-24T14:00,2097.98,2026-05-24T16:00,2103.62,2,-0.37,Signal flip
LONG,2026-05-24T16:00,2103.62,2026-05-24T18:00,2099.97,2,-0.27,Signal flip
SHORT,2026-05-24T18:00,2099.97,2026-05-25T00:00,2104.95,6,-0.34,Signal flip
LONG,2026-05-25T00:00,2104.95,2026-05-25T01:00,2094.13,1,-0.61,Signal flip
SHORT,2026-05-25T01:00,2094.13,2026-05-25T04:00,2105.83,3,-0.66,Signal flip
LONG,2026-05-25T04:00,2105.83,2026-05-25T20:00,2108.64,16,0.03,Signal flip
SHORT,2026-05-25T20:00,2108.64,2026-05-25T21:00,2110.9,1,-0.21,Signal flip
LONG,2026-05-25T21:00,2110.9,2026-05-25T22:00,2103.61,1,-0.45,Signal flip
SHORT,2026-05-25T22:00,2103.61,2026-05-25T23:00,2113.01,1,-0.54,Signal flip
LONG,2026-05-25T23:00,2113.01,2026-05-26T00:00,2097.75,1,-0.82,Signal flip
SHORT,2026-05-26T00:00,2097.75,2026-05-26T10:00,2127.56,10,-1.5,Signal flip
LONG,2026-05-26T10:00,2127.56,2026-05-26T15:00,2087.36,5,-1.99,Signal flip
SHORT,2026-05-26T15:00,2087.36,2026-05-29T15:00,2031.62,72,2.64,Signal flip
LONG,2026-05-29T15:00,2031.62,2026-05-29T18:00,2011.41,3,-1.09,Signal flip
SHORT,2026-05-29T18:00,2011.41,2026-05-30T02:00,2021.34,8,-0.59,Signal flip
LONG,2026-05-30T02:00,2021.34,2026-05-30T03:00,2016.83,1,-0.32,Signal flip
SHORT,2026-05-30T03:00,2016.83,2026-05-30T12:00,2019.86,9,-0.25,Signal flip
LONG,2026-05-30T12:00,2019.86,2026-05-31T09:00,2021.13,21,-0.04,Signal flip
SHORT,2026-05-31T09:00,2021.13,2026-06-01T19:00,2004.53,34,0.73,Signal flip
LONG,2026-06-01T19:00,2004.53,2026-06-01T21:00,1994.57,2,-0.6,Signal flip
SHORT,2026-06-01T21:00,1994.57,2026-06-01T22:00,2004.43,1,-0.59,Signal flip
LONG,2026-06-01T22:00,2004.43,2026-06-02T00:00,1996.44,2,-0.5,Signal flip
SHORT,2026-06-02T00:00,1996.44,2026-06-02T03:00,2003.94,3,-0.47,Signal flip
LONG,2026-06-02T03:00,2003.94,2026-06-02T04:00,1996.85,1,-0.45,Signal flip
SHORT,2026-06-02T04:00,1996.85,2026-06-07T06:00,1612.01,122,23.77,Signal flip
LONG,2026-06-07T06:00,1612.01,2026-06-07T19:00,1613.11,13,-0.03,Signal flip
SHORT,2026-06-07T19:00,1613.11,2026-06-07T20:00,1628.14,1,-1.02,Signal flip
LONG,2026-06-07T20:00,1628.14,2026-06-09T13:00,1666.71,41,2.27,Signal flip
SHORT,2026-06-09T13:00,1666.71,2026-06-10T13:00,1651.81,24,0.8,Signal flip
LONG,2026-06-10T13:00,1651.81,2026-06-10T14:00,1646.72,1,-0.41,Signal flip
SHORT,2026-06-10T14:00,1646.72,2026-06-10T15:00,1657.97,1,-0.78,Signal flip
LONG,2026-06-10T15:00,1657.97,2026-06-10T16:00,1641.99,1,-1.06,Signal flip
SHORT,2026-06-10T16:00,1641.99,2026-06-11T01:00,1642.83,9,-0.15,Signal flip
LONG,2026-06-11T01:00,1642.83,2026-06-11T02:00,1641.07,1,-0.21,Signal flip
SHORT,2026-06-11T02:00,1641.07,2026-06-11T03:00,1653.95,1,-0.88,Signal flip
LONG,2026-06-11T03:00,1653.95,2026-06-11T14:00,1643.04,11,-0.76,Signal flip
SHORT,2026-06-11T14:00,1643.04,2026-06-11T17:00,1688.66,3,-2.8,Signal flip
LONG,2026-06-11T17:00,1688.66,2026-06-12T06:00,1657.34,13,-1.95,Signal flip
SHORT,2026-06-12T06:00,1657.34,2026-06-12T07:00,1662.12,1,-0.39,Signal flip
LONG,2026-06-12T07:00,1662.12,2026-06-12T13:00,1657.6,6,-0.37,Signal flip
SHORT,2026-06-12T13:00,1657.6,2026-06-12T14:00,1685.64,1,-1.76,Signal flip
LONG,2026-06-12T14:00,1685.64,2026-06-12T15:00,1660.08,1,-1.62,Signal flip
SHORT,2026-06-12T15:00,1660.08,2026-06-12T16:00,1672.9,1,-0.87,Signal flip
LONG,2026-06-12T16:00,1672.9,2026-06-12T22:00,1662.6,6,-0.72,Signal flip
SHORT,2026-06-12T22:00,1662.6,2026-06-12T23:00,1666.41,1,-0.33,Signal flip
LONG,2026-06-12T23:00,1666.41,2026-06-14T10:00,1673.13,35,0.3,Signal flip
SHORT,2026-06-14T10:00,1673.13,2026-06-14T21:00,1718.67,11,-2.75,Signal flip
LONG,2026-06-14T21:00,1718.67,2026-06-17T08:00,1765.31,59,2.61,Signal flip
SHORT,2026-06-17T08:00,1765.31,2026-06-17T17:00,1789.27,9,-1.44,Signal flip
LONG,2026-06-17T17:00,1789.27,2026-06-17T18:00,1770.32,1,-1.16,Signal flip
SHORT,2026-06-17T18:00,1770.32,2026-06-20T05:00,1726.1,59,2.46,Signal flip
LONG,2026-06-20T05:00,1726.1,2026-06-20T13:00,1717.56,8,-0.59,Signal flip
SHORT,2026-06-20T13:00,1717.56,2026-06-20T14:00,1733.48,1,-1.02,Signal flip
LONG,2026-06-20T14:00,1733.48,2026-06-21T11:00,1725.36,21,-0.57,Signal flip
SHORT,2026-06-21T11:00,1725.36,2026-06-21T14:00,1728.44,3,-0.28,Signal flip
LONG,2026-06-21T14:00,1728.44,2026-06-21T20:00,1721.3,6,-0.51,Signal flip
SHORT,2026-06-21T20:00,1721.3,2026-06-22T00:00,1726.95,4,-0.43,Signal flip
LONG,2026-06-22T00:00,1726.95,2026-06-22T18:00,1733.51,18,0.28,Signal flip
SHORT,2026-06-22T18:00,1733.51,2026-06-25T06:00,1653.95,60,4.71,Signal flip
LONG,2026-06-25T06:00,1653.95,2026-06-25T09:00,1648.88,3,-0.41,Signal flip
SHORT,2026-06-25T09:00,1648.88,2026-06-27T07:00,1585.71,46,3.88,Signal flip
LONG,2026-06-27T07:00,1585.71,2026-06-27T08:00,1584.18,1,-0.2,Signal flip
SHORT,2026-06-27T08:00,1584.18,2026-06-27T12:00,1585.95,4,-0.21,Signal flip
LONG,2026-06-27T12:00,1585.95,2026-06-27T19:00,1578.51,7,-0.57,Signal flip
SHORT,2026-06-27T19:00,1578.51,2026-06-28T11:00,1582.87,16,-0.38,Signal flip
LONG,2026-06-28T11:00,1582.87,2026-06-28T13:00,1579.68,2,-0.3,Signal flip
SHORT,2026-06-28T13:00,1579.68,2026-06-29T03:00,1584.78,14,-0.42,Signal flip
LONG,2026-06-29T03:00,1584.78,2026-06-29T04:00,1575.5,1,-0.69,Signal flip
SHORT,2026-06-29T04:00,1575.5,2026-06-29T05:00,1583.1,1,-0.58,Signal flip
LONG,2026-06-29T05:00,1583.1,2026-06-29T08:00,1572.98,3,-0.74,Signal flip
SHORT,2026-06-29T08:00,1572.98,2026-06-29T10:00,1578.6,2,-0.46,Signal flip
LONG,2026-06-29T10:00,1578.6,2026-06-29T11:00,1574.93,1,-0.33,Signal flip
SHORT,2026-06-29T11:00,1574.93,2026-06-29T15:00,1580.26,4,-0.44,Signal flip
LONG,2026-06-29T15:00,1580.26,2026-06-30T03:00,1587.18,12,0.34,Signal flip
SHORT,2026-06-30T03:00,1587.18,2026-06-30T05:00,1591.6,2,-0.38,Signal flip
LONG,2026-06-30T05:00,1591.6,2026-06-30T08:00,1583.98,3,-0.58,Signal flip
SHORT,2026-06-30T08:00,1583.98,2026-07-01T02:00,1586.3,18,-0.25,Signal flip
LONG,2026-07-01T02:00,1586.3,2026-07-01T06:00,1575.99,4,-0.75,Signal flip
SHORT,2026-07-01T06:00,1575.99,2026-07-01T13:00,1597.22,7,-1.43,Signal flip
LONG,2026-07-01T13:00,1597.22,2026-07-06T08:00,1765.55,115,10.44,Signal flip
SHORT,2026-07-06T08:00,1765.55,2026-07-06T10:00,1771.09,2,-0.41,Signal flip
LONG,2026-07-06T10:00,1771.09,2026-07-06T11:00,1759.64,1,-0.75,Signal flip
SHORT,2026-07-06T11:00,1759.64,2026-07-06T15:00,1788.57,4,-1.72,Signal flip
LONG,2026-07-06T15:00,1788.57,2026-07-07T03:00,1771.56,12,-1.05,Signal flip
SHORT,2026-07-07T03:00,1771.56,2026-07-07T06:00,1779.11,3,-0.52,Signal flip
LONG,2026-07-07T06:00,1779.11,2026-07-07T07:00,1771.24,1,-0.54,Signal flip
SHORT,2026-07-07T07:00,1771.24,2026-07-07T09:00,1778.16,2,-0.49,Signal flip
LONG,2026-07-07T09:00,1778.16,2026-07-07T13:00,1769.01,4,-0.61,Signal flip
SHORT,2026-07-07T13:00,1769.01,2026-07-07T14:00,1789.46,1,-1.24,Signal flip
LONG,2026-07-07T14:00,1789.46,2026-07-07T21:00,1773.84,7,-0.97,Signal flip
SHORT,2026-07-07T21:00,1773.84,2026-07-08T00:00,1780.29,3,-0.46,Signal flip
LONG,2026-07-08T00:00,1780.29,2026-07-08T01:00,1755.94,1,-1.47,Signal flip
SHORT,2026-07-08T01:00,1755.94,2026-07-09T06:00,1755.26,29,-0.06,Signal flip
LONG,2026-07-09T06:00,1755.26,2026-07-09T10:00,1746.31,4,-0.61,Signal flip
SHORT,2026-07-09T10:00,1746.31,2026-07-09T18:00,1751.55,8,-0.4,Signal flip
LONG,2026-07-09T18:00,1751.55,2026-07-09T19:00,1748.51,1,-0.27,Signal flip
SHORT,2026-07-09T19:00,1748.51,2026-07-10T01:00,1767.62,6,-1.18,Signal flip
LONG,2026-07-10T01:00,1767.62,2026-07-11T23:00,1787.76,46,1.04,Signal flip
SHORT,2026-07-11T23:00,1787.76,2026-07-12T01:00,1806.7,2,-1.15,Signal flip
LONG,2026-07-12T01:00,1806.7,2026-07-12T06:00,1795.13,5,-0.74,Signal flip
SHORT,2026-07-12T06:00,1795.13,2026-07-12T07:00,1798.78,1,-0.3,Signal flip
LONG,2026-07-12T07:00,1798.78,2026-07-13T03:00,1780.55,20,-1.11,Signal flip
SHORT,2026-07-13T03:00,1780.55,2026-07-14T05:00,1787.04,26,-0.46,Signal flip
LONG,2026-07-14T05:00,1787.04,2026-07-14T06:00,1783.19,1,-0.32,Signal flip
SHORT,2026-07-14T06:00,1783.19,2026-07-14T10:00,1800.12,4,-1.04,Signal flip
LONG,2026-07-14T10:00,1800.12,2026-07-16T08:00,1886.09,46,4.68,Signal flip
SHORT,2026-07-16T08:00,1886.09,2026-07-16T10:00,1888.58,2,-0.23,Signal flip
LONG,2026-07-16T10:00,1888.58,2026-07-16T11:00,1885.26,1,-0.28,Signal flip
SHORT,2026-07-16T11:00,1885.26,2026-07-18T17:00,1852.82,54,1.65,Signal flip
LONG,2026-07-18T17:00,1852.82,2026-07-20T05:00,1855.45,36,0.04,Signal flip
SHORT,2026-07-20T05:00,1855.45,2026-07-20T07:00,1863.95,2,-0.56,Signal flip
LONG,2026-07-20T07:00,1863.95,2026-07-20T08:00,1861.01,1,-0.26,Signal flip
SHORT,2026-07-20T08:00,1861.01,2026-07-20T09:00,1864.16,1,-0.27,Signal flip
LONG,2026-07-20T09:00,1864.16,2026-07-20T13:00,1862.68,4,-0.18,Signal flip
SHORT,2026-07-20T13:00,1862.68,2026-07-20T14:00,1868.01,1,-0.39,Signal flip
LONG,2026-07-20T14:00,1868.01,2026-07-23T03:00,1920.55,61,2.71,Signal flip
SHORT,2026-07-23T03:00,1920.55,2026-07-23T06:00,1925.39,3,-0.35,Signal flip
LONG,2026-07-23T06:00,1925.39,2026-07-23T07:00,1915.65,1,-0.61,Signal flip
SHORT,2026-07-23T07:00,1915.65,2026-07-23T08:00,1926.54,1,-0.67,Signal flip
LONG,2026-07-23T08:00,1926.54,2026-07-23T12:00,1904.64,4,-1.24,Signal flip
SHORT,2026-07-23T12:00,1904.64,2026-07-25T18:00,1875.48,54,1.45,Signal flip
LONG,2026-07-25T18:00,1875.48,2026-07-25T20:00,1872.23,2,-0.27,Signal flip
SHORT,2026-07-25T20:00,1872.23,2026-07-25T22:00,1875.82,2,-0.29,Signal flip
LONG,2026-07-25T22:00,1875.82,2026-07-27T22:00,1893.6,48,0.85,Signal flip
SHORT,2026-07-27T22:00,1893.6,2026-07-28T15:00,1920.02,17,-1.48,Signal flip
LONG,2026-07-28T15:00,1920.02,2026-07-28T17:00,1901.89,2,-1.04,Signal flip
SHORT,2026-07-28T17:00,1901.89,2026-07-28T18:00,1911.22,1,-0.59,Signal flip
LONG,2026-07-28T18:00,1911.22,2026-07-29T01:00,1905.7,7,-0.39,Signal flip
SHORT,2026-07-29T01:00,1905.7,2026-07-29T02:00,1911.1,1,-0.38,Signal flip
LONG,2026-07-29T02:00,1911.1,2026-07-29T03:00,1892.7,1,-1.06,Signal flip
SHORT,2026-07-29T03:00,1892.7,2026-07-29T05:00,1912.54,2,-1.14,Signal flip
LONG,2026-07-29T05:00,1912.54,2026-07-29T12:00,1905.23,7,-0.48,Signal flip
SHORT,2026-07-29T12:00,1905.23,2026-07-29T17:00,1916.16,5,-0.67,Signal flip
LONG,2026-07-29T17:00,1916.16,2026-07-29T19:00,1888.56,2,-1.54,Signal flip
SHORT,2026-07-29T19:00,1888.56,2026-07-29T22:00,1907.18,3,-1.08,Signal flip
LONG,2026-07-29T22:00,1907.18,2026-07-30T00:00,1898.22,2,-0.57,Signal flip
SHORT,2026-07-30T00:00,1898.22,2026-07-30T01:00,1916.77,1,-1.07,Signal flip
LONG,2026-07-30T01:00,1916.77,2026-07-30T04:00,1901.99,3,-0.87,Signal flip
SHORT,2026-07-30T04:00,1901.99,2026-07-30T08:00,1914.99,4,-0.78,Signal flip
LONG,2026-07-30T08:00,1914.99,2026-07-31T01:00,1910.36,17,-0.34,Signal flip
SHORT,2026-07-31T01:00,1910.36,2026-08-02T02:00,1876.9,49,1.68,Signal flip
LONG,2026-08-02T02:00,1876.9,2026-08-02T08:00,1868.2,6,-0.56,Signal flip
SHORT,2026-08-02T08:00,1868.2,2026-08-02T17:00,1868.65,9,-0.12,Signal flip
LONG,2026-08-02T17:00,1868.65,2026-08-03T01:00,1867.19,8,-0.18,Signal flip
SHORT,2026-08-03T01:00,1867.19,2026-08-03T14:00,1873.79,13,-0.45,Signal flip
LONG,2026-08-03T14:00,1873.79,2026-08-03T15:00,1863.34,1,-0.66,Signal flip
SHORT,2026-08-03T15:00,1863.34,2026-08-03T16:00,1866.22,1,-0.25,Signal flip
LONG,2026-08-03T16:00,1866.22,2026-08-03T21:00,1863.6,5,-0.24,Signal flip
SHORT,2026-08-03T21:00,1863.6,2026-08-04T01:00,1867.64,4,-0.32,Signal flip
LONG,2026-08-04T01:00,1867.64,2026-08-04T06:00,1856.96,5,-0.67,Signal flip
SHORT,2026-08-04T06:00,1856.96,2026-08-04T10:00,1866.94,4,-0.63,Signal flip
LONG,2026-08-04T10:00,1866.94,2026-08-04T13:00,1862.06,3,-0.36,Signal flip
SHORT,2026-08-04T13:00,1862.06,2026-08-04T14:00,1873.03,1,-0.69,Signal flip
LONG,2026-08-04T14:00,1873.03,2026-08-05T00:00,1863.93,10,-0.59,Signal flip
SHORT,2026-08-05T00:00,1863.93,2026-08-05T01:00,1873.37,1,-0.6,Signal flip
LONG,2026-08-05T01:00,1873.37,2026-08-05T04:00,1867.5,3,-0.41,Signal flip
SHORT,2026-08-05T04:00,1867.5,2026-08-05T05:00,1873.46,1,-0.42,Signal flip
LONG,2026-08-05T05:00,1873.46,2026-08-05T10:00,1868.33,5,-0.37,Signal flip
SHORT,2026-08-05T10:00,1868.33,2026-08-05T11:00,1868.92,1,-0.13,Signal flip
LONG,2026-08-05T11:00,1868.92,2026-08-07T03:00,1897.43,40,1.43,Signal flip
SHORT,2026-08-07T03:00,1897.43,2026-08-07T05:00,1901.58,2,-0.32,Signal flip
LONG,2026-08-07T05:00,1901.58,2026-08-09T03:00,1914.04,46,0.56,Signal flip
SHORT,2026-08-09T03:00,1914.04,2026-08-09T06:00,1919.33,3,-0.38,Signal flip
LONG,2026-08-09T06:00,1919.33,2026-08-09T23:00,1910.65,17,-0.55,Signal flip
SHORT,2026-08-09T23:00,1910.65,2026-08-10T01:00,1925.23,2,-0.86,Signal flip
LONG,2026-08-10T01:00,1925.23,2026-08-10T03:00,1917.44,2,-0.5,Signal flip
SHORT,2026-08-10T03:00,1917.44,2026-08-10T05:00,1923.17,2,-0.4,Signal flip
LONG,2026-08-10T05:00,1923.17,2026-08-10T09:00,1916.39,4,-0.45,Signal flip
SHORT,2026-08-10T09:00,1916.39,2026-08-10T11:00,1920.42,2,-0.31,Signal flip
LONG,2026-08-10T11:00,1920.42,2026-08-10T12:00,1906.0,1,-0.85,Signal flip
SHORT,2026-08-10T12:00,1906.0,2026-08-12T04:00,1889.42,40,0.78,Signal flip
LONG,2026-08-12T04:00,1889.42,2026-08-12T06:00,1887.73,2,-0.19,Signal flip
SHORT,2026-08-12T06:00,1887.73,2026-08-12T07:00,1891.69,1,-0.31,Signal flip
LONG,2026-08-12T07:00,1891.69,2026-08-12T14:00,1887.79,7,-0.31,Signal flip
SHORT,2026-08-12T14:00,1887.79,2026-08-12T15:00,1892.75,1,-0.36,Signal flip
LONG,2026-08-12T15:00,1892.75,2026-08-12T16:00,1890.7,1,-0.21,Signal flip
SHORT,2026-08-12T16:00,1890.7,2026-08-13T04:00,1892.37,12,-0.19,Signal flip
LONG,2026-08-13T04:00,1892.37,2026-08-13T10:00,1883.17,6,-0.59,Signal flip
SHORT,2026-08-13T10:00,1883.17,2026-08-13T12:00,1889.04,2,-0.41,Signal flip
LONG,2026-08-13T12:00,1889.04,2026-08-13T15:00,1880.01,3,-0.58,Signal flip
SHORT,2026-08-13T15:00,1880.01,2026-08-13T21:00,1888.76,6,-0.56,Signal flip
LONG,2026-08-13T21:00,1888.76,2026-08-13T23:00,1886.15,2,-0.24,Signal flip
SHORT,2026-08-13T23:00,1886.15,2026-08-14T00:00,1889.4,1,-0.27,Signal flip
LONG,2026-08-14T00:00,1889.4,2026-08-14T02:00,1886.62,2,-0.25,Signal flip
SHORT,2026-08-14T02:00,1886.62,2026-08-14T16:00,1885.41,14,-0.04,Signal flip
LONG,2026-08-14T16:00,1885.41,2026-08-14T17:00,1878.57,1,-0.46,Signal flip
SHORT,2026-08-14T17:00,1878.57,2026-08-15T00:00,1882.41,7,-0.3,Signal flip
LONG,2026-08-15T00:00,1882.41,2026-08-15T05:00,1880.66,5,-0.19,Signal flip
SHORT,2026-08-15T05:00,1880.66,2026-08-15T12:00,1883.86,7,-0.27,Signal flip
LONG,2026-08-15T12:00,1883.86,2026-08-15T23:00,1882.64,11,-0.16,Signal flip
SHORT,2026-08-15T23:00,1882.64,2026-08-16T02:00,1883.71,3,-0.16,Signal flip
LONG,2026-08-16T02:00,1883.71,2026-08-16T04:00,1881.7,2,-0.21,Signal flip
SHORT,2026-08-16T04:00,1881.7,2026-08-16T14:00,1883.5,10,-0.2,Signal flip
LONG,2026-08-16T14:00,1883.5,2026-08-16T20:00,1882.0,6,-0.18,Signal flip
SHORT,2026-08-16T20:00,1882.0,2026-08-17T01:00,1891.65,5,-0.61,Signal flip
LONG,2026-08-17T01:00,1891.65,2026-08-18T02:00,1893.19,25,-0.02,Signal flip
SHORT,2026-08-18T02:00,1893.19,2026-08-18T04:00,1896.66,2,-0.28,Signal flip
LONG,2026-08-18T04:00,1896.66,2026-08-18T05:00,1895.63,1,-0.15,Signal flip
SHORT,2026-08-18T05:00,1895.63,2026-08-18T06:00,1902.83,1,-0.48,Signal flip
LONG,2026-08-18T06:00,1902.83,2026-08-22T08:00,2423.3,98,27.25,Dataset end
